03 Jan 2021 11:46,88,759,921,0,375,0,157,3,1880
03 Jan 2021 11:46,88,759,921,0,375,0,157,3,1880
03 Jan 2021 12:10,74,804,924,0,373,0,152,3,1851
03 Jan 2021 12:16,86,793,922,0,374,0,153,2,1852
03 Jan 2021 12:16,86,793,922,0,374,0,153,2,1852
03 Jan 2021 12:22,86,788,922,0,373,0,154,2,1842
03 Jan 2021 12:22,86,788,922,0,373,0,154,2,1842
03 Jan 2021 12:22,86,788,922,0,373,0,154,2,1842
03 Jan 2021 12:22,86,788,922,0,373,0,154,2,1842
03 Jan 2021 12:40,77,781,924,0,373,0,154,2,1835
03 Jan 2021 12:40,77,781,924,0,373,0,154,2,1835
03 Jan 2021 12:58,112,731,921,0,374,0,152,3,1811
03 Jan 2021 12:58,112,731,921,0,374,0,152,3,1811
03 Jan 2021 12:58,112,731,921,0,374,0,152,3,1811
03 Jan 2021 13:10,103,717,919,0,373,0,149,2,1650
03 Jan 2021 13:10,103,717,919,0,373,0,149,2,1650
03 Jan 2021 13:10,103,717,919,0,373,0,149,2,1650
03 Jan 2021 13:10,103,717,919,0,373,0,149,2,1650
03 Jan 2021 13:10,103,717,919,0,373,0,149,2,1650
03 Jan 2021 13:40,84,697,916,0,371,0,150,1,1839
03 Jan 2021 13:40,84,697,916,0,371,0,150,1,1839
03 Jan 2021 13:40,84,697,916,0,371,0,150,1,1839
03 Jan 2021 13:52,88,693,916,0,371,0,151,1,1845
03 Jan 2021 13:58,86,691,917,0,370,0,153,1,1834
03 Jan 2021 13:58,86,691,917,0,370,0,153,1,1834
03 Jan 2021 14:10,77,617,919,0,339,0,152,2,1947
03 Jan 2021 14:10,77,617,919,0,339,0,152,2,1947
03 Jan 2021 14:10,77,617,919,0,339,0,152,2,1947
03 Jan 2021 14:10,77,617,919,0,339,0,152,2,1947
03 Jan 2021 14:10,77,617,919,0,339,0,152,2,1947
03 Jan 2021 14:10,77,617,919,0,339,0,152,2,1947
03 Jan 2021 14:10,77,617,919,0,339,0,152,2,1947
03 Jan 2021 14:46,49,592,916,0,340,0,153,4,1987
03 Jan 2021 14:46,49,592,916,0,340,0,153,4,1987
03 Jan 2021 14:46,49,592,916,0,340,0,153,4,1987
03 Jan 2021 15:04,35,581,920,0,338,0,152,3,2030
03 Jan 2021 15:04,35,581,920,0,338,0,152,3,2030
03 Jan 2021 15:10,38,582,920,0,340,0,156,4,2018
03 Jan 2021 15:10,38,582,920,0,340,0,156,4,2018
03 Jan 2021 15:22,51,576,919,0,340,0,152,3,2009
03 Jan 2021 15:22,51,576,919,0,340,0,152,3,2009
03 Jan 2021 15:22,51,576,919,0,340,0,152,3,2009
03 Jan 2021 15:22,51,576,919,0,340,0,152,3,2009
03 Jan 2021 15:22,51,576,919,0,340,0,152,3,2009
03 Jan 2021 15:22,51,576,919,0,340,0,152,3,2009
03 Jan 2021 15:52,55,583,925,0,339,0,153,6,2048
03 Jan 2021 15:52,55,583,925,0,339,0,153,6,2048
03 Jan 2021 15:52,55,583,925,0,339,0,153,6,2048
03 Jan 2021 15:52,55,583,925,0,339,0,153,6,2048
03 Jan 2021 15:52,55,583,925,0,339,0,153,6,2048
03 Jan 2021 15:52,55,583,925,0,339,0,153,6,2048
03 Jan 2021 15:52,55,583,925,0,339,0,153,6,2048
03 Jan 2021 15:52,55,583,925,0,339,0,153,6,2048
03 Jan 2021 15:52,55,583,925,0,339,0,153,6,2048
03 Jan 2021 15:52,55,583,925,0,339,0,153,6,2048
03 Jan 2021 16:46,115,615,918,0,339,0,154,13,2030
03 Jan 2021 16:46,115,615,918,0,339,0,154,13,2030
03 Jan 2021 16:52,141,608,921,0,340,0,155,14,2017
03 Jan 2021 16:58,153,591,918,0,339,0,153,13,2044
03 Jan 2021 17:04,139,618,919,0,339,0,155,15,2019
03 Jan 2021 17:10,132,637,920,0,340,0,158,17,2027
03 Jan 2021 17:10,132,637,920,0,340,0,158,17,2027
03 Jan 2021 17:10,132,637,920,0,340,0,158,17,2027
03 Jan 2021 17:28,117,665,922,0,340,0,154,17,2071
03 Jan 2021 17:28,117,665,922,0,340,0,154,17,2071
03 Jan 2021 17:28,117,665,922,0,340,0,154,17,2071
03 Jan 2021 17:28,117,665,922,0,340,0,154,17,2071
03 Jan 2021 17:28,117,665,922,0,340,0,154,17,2071
03 Jan 2021 17:52,98,692,920,0,340,0,157,22,2085
03 Jan 2021 17:52,98,692,920,0,340,0,157,22,2085
03 Jan 2021 18:03,92,679,921,0,341,0,152,25,2078
03 Jan 2021 18:03,92,679,921,0,341,0,152,25,2078
03 Jan 2021 18:16,101,682,924,0,340,0,153,24,2054
03 Jan 2021 18:22,108,677,926,0,340,0,151,23,2049
03 Jan 2021 18:28,112,683,925,0,339,0,156,23,2026
03 Jan 2021 18:28,112,683,925,0,339,0,156,23,2026
03 Jan 2021 18:28,112,683,925,0,339,0,156,23,2026
03 Jan 2021 18:40,125,617,926,0,340,0,154,27,2076
03 Jan 2021 18:40,125,617,926,0,340,0,154,27,2076
03 Jan 2021 18:40,125,617,926,0,340,0,154,27,2076
03 Jan 2021 18:40,125,617,926,0,340,0,154,27,2076
03 Jan 2021 18:40,125,617,926,0,340,0,154,27,2076
03 Jan 2021 18:40,125,617,926,0,340,0,154,27,2076
03 Jan 2021 19:16,145,617,923,0,340,0,161,29,1936
03 Jan 2021 19:16,145,617,923,0,340,0,161,29,1936
03 Jan 2021 19:16,145,617,923,0,340,0,161,29,1936
03 Jan 2021 19:16,145,617,923,0,340,0,161,29,1936
03 Jan 2021 19:16,145,617,923,0,340,0,161,29,1936
03 Jan 2021 19:16,145,617,923,0,340,0,161,29,1936
03 Jan 2021 19:16,145,617,923,0,340,0,161,29,1936
03 Jan 2021 19:16,145,617,923,0,340,0,161,29,1936
03 Jan 2021 19:16,145,617,923,0,340,0,161,29,1936
03 Jan 2021 19:16,145,617,923,0,340,0,161,29,1936
03 Jan 2021 19:16,145,617,923,0,340,0,161,29,1936
03 Jan 2021 20:10,136,585,922,0,340,0,161,22,1819
03 Jan 2021 20:10,136,585,922,0,340,0,161,22,1819
03 Jan 2021 20:10,136,585,922,0,340,0,161,22,1819
03 Jan 2021 20:10,136,585,922,0,340,0,161,22,1819
03 Jan 2021 20:10,136,585,922,0,340,0,161,22,1819
03 Jan 2021 20:40,130,570,926,0,331,0,164,19,1748
03 Jan 2021 20:10,136,585,922,0,340,0,161,22,1819
03 Jan 2021 20:40,130,570,926,0,331,0,164,19,1748
03 Jan 2021 20:40,130,570,926,0,331,0,164,19,1748
03 Jan 2021 20:40,130,570,926,0,331,0,164,19,1748
03 Jan 2021 20:40,130,570,926,0,331,0,164,19,1748
03 Jan 2021 20:40,130,570,926,0,331,0,164,19,1748
03 Jan 2021 20:40,130,570,926,0,331,0,164,19,1748
03 Jan 2021 20:40,130,570,926,0,331,0,164,19,1748
03 Jan 2021 20:40,130,570,926,0,331,0,164,19,1748
03 Jan 2021 20:40,130,570,926,0,331,0,164,19,1748
03 Jan 2021 20:40,130,570,926,0,331,0,164,19,1748
03 Jan 2021 20:40,130,570,926,0,331,0,164,19,1748
03 Jan 2021 21:40,139,544,923,0,328,0,162,23,1786
03 Jan 2021 21:40,139,544,923,0,328,0,162,23,1786
03 Jan 2021 21:40,139,544,923,0,328,0,162,23,1786
03 Jan 2021 21:58,125,565,924,0,327,0,165,21,1706
03 Jan 2021 22:04,136,587,925,0,287,0,161,20,1710
03 Jan 2021 22:04,136,587,925,0,287,0,161,20,1710
03 Jan 2021 22:10,138,579,924,0,286,0,160,20,1678
03 Jan 2021 22:16,146,571,923,0,286,0,158,21,1657
03 Jan 2021 22:28,155,544,925,0,292,0,162,19,1614
03 Jan 2021 22:28,155,544,925,0,292,0,162,19,1614
03 Jan 2021 22:28,155,544,925,0,292,0,162,19,1614
03 Jan 2021 22:28,155,544,925,0,292,0,162,19,1614
03 Jan 2021 22:28,155,544,925,0,292,0,162,19,1614
03 Jan 2021 22:28,155,544,925,0,292,0,162,19,1614
03 Jan 2021 22:28,155,544,925,0,292,0,162,19,1614
03 Jan 2021 22:28,155,544,925,0,292,0,162,19,1614
03 Jan 2021 23:04,164,515,929,0,274,0,161,15,1555
03 Jan 2021 23:10,158,508,929,0,263,0,163,15,1564
03 Jan 2021 23:16,161,511,928,0,249,0,167,14,1539
03 Jan 2021 23:22,171,511,928,0,250,0,164,13,1506
03 Jan 2021 23:22,171,511,928,0,250,0,164,13,1506
03 Jan 2021 23:22,171,511,928,0,250,0,164,13,1506
03 Jan 2021 23:22,171,511,928,0,250,0,164,13,1506
03 Jan 2021 23:22,171,511,928,0,250,0,164,13,1506
03 Jan 2021 23:46,179,471,928,0,233,0,167,14,1423
03 Jan 2021 23:46,179,471,928,0,233,0,167,14,1423
03 Jan 2021 23:46,179,471,928,0,233,0,167,14,1423
03 Jan 2021 23:46,179,471,928,0,233,0,167,14,1423
03 Jan 2021 23:46,179,471,928,0,233,0,167,14,1423
03 Jan 2021 23:46,179,471,928,0,233,0,167,14,1423
03 Jan 2021 23:46,179,471,928,0,233,0,167,14,1423
03 Jan 2021 23:46,179,471,928,0,233,0,167,14,1423
03 Jan 2021 23:46,179,471,928,0,233,0,167,14,1423
03 Jan 2021 23:46,179,471,928,0,233,0,167,14,1423
03 Jan 2021 23:46,179,471,928,0,233,0,167,14,1423
04 Jan 2021 00:46,167,393,928,0,237,0,158,10,1260
04 Jan 2021 00:46,167,393,928,0,237,0,158,10,1260
04 Jan 2021 00:46,167,393,928,0,237,0,158,10,1260
04 Jan 2021 00:46,167,393,928,0,237,0,158,10,1260
04 Jan 2021 00:46,167,393,928,0,237,0,158,10,1260
04 Jan 2021 00:46,167,393,928,0,237,0,158,10,1260
04 Jan 2021 01:16,188,370,927,0,251,0,157,5,1154
04 Jan 2021 01:16,188,370,927,0,251,0,157,5,1154
04 Jan 2021 01:16,188,370,927,0,251,0,157,5,1154
04 Jan 2021 01:16,188,370,927,0,251,0,157,5,1154
04 Jan 2021 01:16,188,370,927,0,251,0,157,5,1154
04 Jan 2021 01:16,188,370,927,0,251,0,157,5,1154
04 Jan 2021 01:16,188,370,927,0,251,0,157,5,1154
04 Jan 2021 01:58,217,332,931,0,232,0,154,5,1054
04 Jan 2021 01:58,217,332,931,0,232,0,154,5,1054
04 Jan 2021 01:58,217,332,931,0,232,0,154,5,1054
04 Jan 2021 01:58,217,332,931,0,232,0,154,5,1054
04 Jan 2021 01:58,217,332,931,0,232,0,154,5,1054
04 Jan 2021 01:58,217,332,931,0,232,0,154,5,1054
04 Jan 2021 01:58,217,332,931,0,232,0,154,5,1054
04 Jan 2021 01:58,217,332,931,0,232,0,154,5,1054
04 Jan 2021 01:58,217,332,931,0,232,0,154,5,1054
04 Jan 2021 01:58,217,332,931,0,232,0,154,5,1054
04 Jan 2021 01:58,217,332,931,0,232,0,154,5,1054
04 Jan 2021 01:58,217,332,931,0,232,0,154,5,1054
04 Jan 2021 01:58,217,332,931,0,232,0,154,5,1054
04 Jan 2021 01:58,217,332,931,0,232,0,154,5,1054
04 Jan 2021 01:58,217,332,931,0,232,0,154,5,1054
04 Jan 2021 03:16,201,309,931,0,234,0,155,9,1035
04 Jan 2021 03:16,201,309,931,0,234,0,155,9,1035
04 Jan 2021 03:16,201,309,931,0,234,0,155,9,1035
04 Jan 2021 03:28,194,309,931,0,229,0,154,8,1035
04 Jan 2021 03:28,194,309,931,0,229,0,154,8,1035
04 Jan 2021 03:40,177,300,934,0,263,0,151,9,1033
04 Jan 2021 03:40,177,300,934,0,263,0,151,9,1033
04 Jan 2021 03:40,177,300,934,0,263,0,151,9,1033
04 Jan 2021 03:58,158,301,933,0,252,0,156,6,1043
04 Jan 2021 03:58,158,301,933,0,252,0,156,6,1043
04 Jan 2021 03:58,158,301,933,0,252,0,156,6,1043
04 Jan 2021 03:58,158,301,933,0,252,0,156,6,1043
04 Jan 2021 03:58,158,301,933,0,252,0,156,6,1043
04 Jan 2021 04:22,174,339,932,0,254,0,150,7,1009
04 Jan 2021 04:28,175,340,930,0,258,0,151,8,1012
04 Jan 2021 04:28,175,340,930,0,258,0,151,8,1012
04 Jan 2021 04:34,162,340,930,0,267,0,151,9,1032
04 Jan 2021 04:34,162,340,930,0,267,0,151,9,1032
04 Jan 2021 04:40,165,348,930,0,259,0,155,8,1038
04 Jan 2021 04:40,165,348,930,0,259,0,155,8,1038
04 Jan 2021 04:40,165,348,930,0,259,0,155,8,1038
04 Jan 2021 04:40,165,348,930,0,259,0,155,8,1038
04 Jan 2021 04:40,165,348,930,0,259,0,155,8,1038
04 Jan 2021 04:40,165,348,930,0,259,0,155,8,1038
04 Jan 2021 04:40,165,348,930,0,259,0,155,8,1038
04 Jan 2021 05:22,186,345,931,0,247,0,155,7,1149
04 Jan 2021 05:22,186,345,931,0,247,0,155,7,1149
04 Jan 2021 05:22,186,345,931,0,247,0,155,7,1149
04 Jan 2021 05:34,189,301,928,0,304,0,152,5,1176
04 Jan 2021 05:46,182,300,931,0,338,0,155,4,1192
04 Jan 2021 05:46,182,300,931,0,338,0,155,4,1192
04 Jan 2021 05:46,182,300,931,0,338,0,155,4,1192
04 Jan 2021 05:46,182,300,931,0,338,0,155,4,1192
04 Jan 2021 05:46,182,300,931,0,338,0,155,4,1192
04 Jan 2021 05:46,182,300,931,0,338,0,155,4,1192
04 Jan 2021 06:10,167,321,931,0,308,0,153,2,1336
04 Jan 2021 06:10,167,321,931,0,308,0,153,2,1336
04 Jan 2021 06:22,173,327,934,0,332,0,154,3,1315
04 Jan 2021 06:22,173,327,934,0,332,0,154,3,1315
04 Jan 2021 06:22,173,327,934,0,332,0,154,3,1315
04 Jan 2021 06:40,192,396,929,0,292,0,157,3,1328
04 Jan 2021 06:40,192,396,929,0,292,0,157,3,1328
04 Jan 2021 06:40,192,396,929,0,292,0,157,3,1328
04 Jan 2021 06:40,192,396,929,0,292,0,157,3,1328
04 Jan 2021 06:40,192,396,929,0,292,0,157,3,1328
04 Jan 2021 06:40,192,396,929,0,292,0,157,3,1328
04 Jan 2021 07:10,184,413,929,0,299,0,163,4,1455
04 Jan 2021 07:10,184,413,929,0,299,0,163,4,1455
04 Jan 2021 07:10,184,413,929,0,299,0,163,4,1455
04 Jan 2021 07:28,168,438,932,0,337,0,165,3,1517
04 Jan 2021 07:34,168,403,930,0,315,0,167,3,1609
04 Jan 2021 07:34,168,403,930,0,315,0,167,3,1609
04 Jan 2021 07:40,168,389,930,0,327,0,159,4,1613
04 Jan 2021 07:46,172,397,930,0,308,0,156,4,1644
04 Jan 2021 07:46,172,397,930,0,308,0,156,4,1644
04 Jan 2021 07:46,172,397,930,0,308,0,156,4,1644
04 Jan 2021 07:46,172,397,930,0,308,0,156,4,1644
04 Jan 2021 07:46,172,397,930,0,308,0,156,4,1644
04 Jan 2021 07:46,172,397,930,0,308,0,156,4,1644
04 Jan 2021 08:22,135,499,929,0,340,0,163,2,1794
04 Jan 2021 08:22,135,499,929,0,340,0,163,2,1794
04 Jan 2021 08:22,135,499,929,0,340,0,163,2,1794
04 Jan 2021 08:22,135,499,929,0,340,0,163,2,1794
04 Jan 2021 08:22,135,499,929,0,340,0,163,2,1794
04 Jan 2021 08:40,112,562,928,0,340,0,163,1,1853
04 Jan 2021 08:52,105,555,930,0,381,0,159,1,1866
04 Jan 2021 08:58,106,546,930,0,380,0,161,1,1898
04 Jan 2021 09:04,106,605,932,0,339,0,161,1,1898
04 Jan 2021 09:04,106,605,932,0,339,0,161,1,1898
04 Jan 2021 09:04,106,605,932,0,339,0,161,1,1898
04 Jan 2021 09:16,98,616,930,0,373,0,160,1,1907
04 Jan 2021 09:16,98,616,930,0,373,0,160,1,1907
04 Jan 2021 09:16,98,616,930,0,373,0,160,1,1907
04 Jan 2021 09:28,100,610,930,0,377,0,160,1,1922
04 Jan 2021 09:40,104,634,927,0,369,0,160,1,1926
04 Jan 2021 09:40,104,634,927,0,369,0,160,1,1926
04 Jan 2021 09:46,101,636,926,0,375,0,160,1,1932
04 Jan 2021 09:46,101,636,926,0,375,0,160,1,1932
04 Jan 2021 09:58,102,633,925,0,376,0,157,1,1956
04 Jan 2021 10:04,95,645,923,0,376,0,160,1,1965
04 Jan 2021 10:04,95,645,923,0,376,0,160,1,1965
04 Jan 2021 10:04,95,645,923,0,376,0,160,1,1965
04 Jan 2021 10:22,105,633,925,0,376,0,160,0,1982
04 Jan 2021 10:22,105,633,925,0,376,0,160,0,1982
04 Jan 2021 10:22,105,633,925,0,376,0,160,0,1982
04 Jan 2021 10:22,105,633,925,0,376,0,160,0,1982
04 Jan 2021 10:22,105,633,925,0,376,0,160,0,1982
04 Jan 2021 10:22,105,633,925,0,376,0,160,0,1982
04 Jan 2021 10:22,105,633,925,0,376,0,160,0,1982
04 Jan 2021 10:52,111,637,920,0,358,0,161,0,1960
04 Jan 2021 10:52,111,637,920,0,358,0,161,0,1960
04 Jan 2021 10:52,111,637,920,0,358,0,161,0,1960
04 Jan 2021 11:10,98,684,923,0,339,0,159,0,1922
04 Jan 2021 11:10,98,684,923,0,339,0,159,0,1922
04 Jan 2021 11:22,103,674,923,0,339,0,159,0,1917
04 Jan 2021 11:22,103,674,923,0,339,0,159,0,1917
04 Jan 2021 11:34,99,676,923,0,340,0,158,0,1907
04 Jan 2021 11:34,99,676,923,0,340,0,158,0,1907
04 Jan 2021 11:34,99,676,923,0,340,0,158,0,1907
04 Jan 2021 11:46,103,680,920,0,340,0,161,0,1886
04 Jan 2021 11:52,102,685,922,0,339,0,161,0,1883
04 Jan 2021 11:52,102,685,922,0,339,0,161,0,1883
04 Jan 2021 11:52,102,685,922,0,339,0,161,0,1883
04 Jan 2021 12:10,111,635,918,0,342,0,158,0,1910
04 Jan 2021 12:16,123,638,919,0,339,0,160,0,1882
04 Jan 2021 12:16,123,638,919,0,339,0,160,0,1882
04 Jan 2021 12:16,123,638,919,0,339,0,160,0,1882
04 Jan 2021 12:16,123,638,919,0,339,0,160,0,1882
04 Jan 2021 12:34,117,669,918,0,339,0,158,0,1849
04 Jan 2021 12:34,117,669,918,0,339,0,158,0,1849
04 Jan 2021 12:46,114,677,917,0,340,0,158,0,1828
04 Jan 2021 12:46,114,677,917,0,340,0,158,0,1828
04 Jan 2021 12:52,116,669,918,0,339,0,159,0,1828
04 Jan 2021 12:58,125,672,919,0,341,0,158,0,1805
04 Jan 2021 12:58,125,672,919,0,341,0,158,0,1805
04 Jan 2021 12:58,125,672,919,0,341,0,158,0,1805
04 Jan 2021 12:58,125,672,919,0,341,0,158,0,1805
04 Jan 2021 12:58,125,672,919,0,341,0,158,0,1805
04 Jan 2021 13:22,143,654,919,0,321,0,159,0,1800
04 Jan 2021 13:22,143,654,919,0,321,0,159,0,1800
04 Jan 2021 13:22,143,654,919,0,321,0,159,0,1800
04 Jan 2021 13:46,162,649,912,0,331,0,162,0,1744
04 Jan 2021 13:46,162,649,912,0,331,0,162,0,1744
04 Jan 2021 13:46,162,649,912,0,331,0,162,0,1744
04 Jan 2021 13:46,162,649,912,0,331,0,162,0,1744
04 Jan 2021 13:46,162,649,912,0,331,0,162,0,1744
04 Jan 2021 14:04,161,625,913,0,339,0,158,0,1749
04 Jan 2021 14:16,160,630,912,0,339,0,161,0,1747
04 Jan 2021 14:16,160,630,912,0,339,0,161,0,1747
04 Jan 2021 14:16,160,630,912,0,339,0,161,0,1747
04 Jan 2021 14:28,174,623,914,0,340,0,159,0,1732
04 Jan 2021 14:28,174,623,914,0,340,0,159,0,1732
04 Jan 2021 14:28,174,623,914,0,340,0,159,0,1732
04 Jan 2021 14:40,184,623,912,0,340,0,163,0,1741
04 Jan 2021 14:46,191,625,910,0,338,0,162,0,1740
04 Jan 2021 14:46,191,625,910,0,338,0,162,0,1740
04 Jan 2021 14:46,191,625,910,0,338,0,162,0,1740
04 Jan 2021 14:46,191,625,910,0,338,0,162,0,1740
04 Jan 2021 14:46,191,625,910,0,338,0,162,0,1740
04 Jan 2021 14:46,191,625,910,0,338,0,162,0,1740
04 Jan 2021 14:46,191,625,910,0,338,0,162,0,1740
04 Jan 2021 14:46,191,625,910,0,338,0,162,0,1740
04 Jan 2021 14:46,191,625,910,0,338,0,162,0,1740
04 Jan 2021 14:46,191,625,910,0,338,0,162,0,1740
04 Jan 2021 14:46,191,625,910,0,338,0,162,0,1740
04 Jan 2021 14:46,191,625,910,0,338,0,162,0,1740
04 Jan 2021 14:46,191,625,910,0,338,0,162,0,1740
04 Jan 2021 14:46,191,625,910,0,338,0,162,0,1740
04 Jan 2021 14:46,191,625,910,0,338,0,162,0,1740
04 Jan 2021 14:46,191,625,910,0,338,0,162,0,1740
04 Jan 2021 14:46,191,625,910,0,338,0,162,0,1740
04 Jan 2021 16:22,172,637,918,0,371,0,157,0,1860
04 Jan 2021 16:28,173,640,918,0,371,0,159,0,1879
04 Jan 2021 16:28,173,640,918,0,371,0,159,0,1879
04 Jan 2021 16:28,173,640,918,0,371,0,159,0,1879
04 Jan 2021 16:28,173,640,918,0,371,0,159,0,1879
04 Jan 2021 16:46,165,707,920,0,359,0,157,0,1865
04 Jan 2021 16:46,165,707,920,0,359,0,157,0,1865
04 Jan 2021 16:46,165,707,920,0,359,0,157,0,1865
04 Jan 2021 16:46,165,707,920,0,359,0,157,0,1865
04 Jan 2021 16:46,165,707,920,0,359,0,157,0,1865
04 Jan 2021 16:46,165,707,920,0,359,0,157,0,1865
04 Jan 2021 17:16,142,739,923,0,370,0,160,2,1930
04 Jan 2021 17:16,142,739,923,0,370,0,160,2,1930
04 Jan 2021 17:16,142,739,923,0,370,0,160,2,1930
04 Jan 2021 17:28,130,772,921,0,371,0,160,4,1944
04 Jan 2021 17:28,130,772,921,0,371,0,160,4,1944
04 Jan 2021 17:40,145,769,922,0,372,0,160,4,1949
04 Jan 2021 17:40,145,769,922,0,372,0,160,4,1949
04 Jan 2021 17:40,145,769,922,0,372,0,160,4,1949
04 Jan 2021 17:40,145,769,922,0,372,0,160,4,1949
04 Jan 2021 17:40,145,769,922,0,372,0,160,4,1949
04 Jan 2021 17:40,145,769,922,0,372,0,160,4,1949
04 Jan 2021 17:40,145,769,922,0,372,0,160,4,1949
04 Jan 2021 17:40,145,769,922,0,372,0,160,4,1949
04 Jan 2021 18:22,133,781,918,0,373,0,161,8,1977
04 Jan 2021 18:28,136,775,917,0,373,0,159,8,1973
04 Jan 2021 18:28,136,775,917,0,373,0,159,8,1973
04 Jan 2021 18:28,136,775,917,0,373,0,159,8,1973
04 Jan 2021 18:28,136,775,917,0,373,0,159,8,1973
04 Jan 2021 18:28,136,775,917,0,373,0,159,8,1973
04 Jan 2021 18:28,136,775,917,0,373,0,159,8,1973
04 Jan 2021 18:28,136,775,917,0,373,0,159,8,1973
04 Jan 2021 18:28,136,775,917,0,373,0,159,8,1973
04 Jan 2021 19:10,124,730,917,0,374,0,160,5,1953
04 Jan 2021 19:10,124,730,917,0,374,0,160,5,1953
04 Jan 2021 19:10,124,730,917,0,374,0,160,5,1953
04 Jan 2021 19:22,121,691,918,0,373,0,160,5,1946
04 Jan 2021 19:22,121,691,918,0,373,0,160,5,1946
04 Jan 2021 19:22,121,691,918,0,373,0,160,5,1946
04 Jan 2021 19:40,110,661,913,0,373,0,158,6,1934
04 Jan 2021 19:40,110,661,913,0,373,0,158,6,1934
04 Jan 2021 19:40,110,661,913,0,373,0,158,6,1934
04 Jan 2021 19:52,102,668,914,0,374,0,159,5,1909
04 Jan 2021 19:58,103,664,914,0,373,0,161,4,1907
04 Jan 2021 20:04,93,687,914,0,374,0,161,3,1895
04 Jan 2021 20:10,85,686,914,0,375,0,159,4,1890
04 Jan 2021 20:04,93,687,914,0,374,0,161,3,1895
04 Jan 2021 20:10,85,686,914,0,375,0,159,4,1890
04 Jan 2021 20:10,85,686,914,0,375,0,159,4,1890
04 Jan 2021 20:10,85,686,914,0,375,0,159,4,1890
04 Jan 2021 20:10,85,686,914,0,375,0,159,4,1890
04 Jan 2021 20:10,85,686,914,0,375,0,159,4,1890
04 Jan 2021 20:10,85,686,914,0,375,0,159,4,1890
04 Jan 2021 20:10,85,686,914,0,375,0,159,4,1890
04 Jan 2021 20:10,85,686,914,0,375,0,159,4,1890
04 Jan 2021 20:10,85,686,914,0,375,0,159,4,1890
04 Jan 2021 21:10,73,753,923,0,376,0,158,1,1903
04 Jan 2021 21:10,73,753,923,0,376,0,158,1,1903
04 Jan 2021 21:10,73,753,923,0,376,0,158,1,1903
04 Jan 2021 21:10,73,753,923,0,376,0,158,1,1903
04 Jan 2021 21:10,73,753,923,0,376,0,158,1,1903
04 Jan 2021 21:10,73,753,923,0,376,0,158,1,1903
04 Jan 2021 21:10,73,753,923,0,376,0,158,1,1903
04 Jan 2021 21:46,67,775,925,0,376,0,155,0,1829
04 Jan 2021 21:46,67,775,925,0,376,0,155,0,1829
04 Jan 2021 21:46,67,775,925,0,376,0,155,0,1829
04 Jan 2021 21:46,67,775,925,0,376,0,155,0,1829
04 Jan 2021 22:04,64,746,930,0,350,0,156,0,1792
04 Jan 2021 22:10,64,744,929,0,351,0,159,0,1761
04 Jan 2021 22:10,64,744,929,0,351,0,159,0,1761
04 Jan 2021 22:10,64,744,929,0,351,0,159,0,1761
04 Jan 2021 22:28,57,657,926,0,350,0,159,0,1745
04 Jan 2021 22:28,57,657,926,0,350,0,159,0,1745
04 Jan 2021 22:28,57,657,926,0,350,0,159,0,1745
04 Jan 2021 22:28,57,657,926,0,350,0,159,0,1745
04 Jan 2021 22:28,57,657,926,0,350,0,159,0,1745
04 Jan 2021 22:28,57,657,926,0,350,0,159,0,1745
04 Jan 2021 22:28,57,657,926,0,350,0,159,0,1745
04 Jan 2021 22:58,61,575,928,0,329,0,144,0,1681
04 Jan 2021 22:58,61,575,928,0,329,0,144,0,1681
04 Jan 2021 22:58,61,575,928,0,329,0,144,0,1681
04 Jan 2021 22:58,61,575,928,0,329,0,144,0,1681
04 Jan 2021 22:58,61,575,928,0,329,0,144,0,1681
04 Jan 2021 22:58,61,575,928,0,329,0,144,0,1681
04 Jan 2021 22:58,61,575,928,0,329,0,144,0,1681
04 Jan 2021 22:58,61,575,928,0,329,0,144,0,1681
04 Jan 2021 22:58,61,575,928,0,329,0,144,0,1681
04 Jan 2021 22:58,61,575,928,0,329,0,144,0,1681
04 Jan 2021 22:58,61,575,928,0,329,0,144,0,1681
04 Jan 2021 22:58,61,575,928,0,329,0,144,0,1681
04 Jan 2021 22:58,61,575,928,0,329,0,144,0,1681
04 Jan 2021 22:58,61,575,928,0,329,0,144,0,1681
05 Jan 2021 00:16,48,427,932,0,309,0,147,1,1476
05 Jan 2021 00:16,48,427,932,0,309,0,147,1,1476
05 Jan 2021 00:16,48,427,932,0,309,0,147,1,1476
05 Jan 2021 00:16,48,427,932,0,309,0,147,1,1476
05 Jan 2021 00:40,52,539,825,0,301,0,148,2,1423
05 Jan 2021 00:40,52,539,825,0,301,0,148,2,1423
05 Jan 2021 00:40,52,539,825,0,301,0,148,2,1423
05 Jan 2021 00:40,52,539,825,0,301,0,148,2,1423
05 Jan 2021 00:40,52,539,825,0,301,0,148,2,1423
05 Jan 2021 00:58,56,450,826,0,301,0,151,3,1426
05 Jan 2021 01:10,55,506,824,0,287,0,147,3,1363
05 Jan 2021 01:10,55,506,824,0,287,0,147,3,1363
05 Jan 2021 01:10,55,506,824,0,287,0,147,3,1363
05 Jan 2021 01:10,55,506,824,0,287,0,147,3,1363
05 Jan 2021 01:10,55,506,824,0,287,0,147,3,1363
05 Jan 2021 01:10,55,506,824,0,287,0,147,3,1363
05 Jan 2021 01:40,67,517,827,0,257,0,149,1,1294
05 Jan 2021 01:40,67,517,827,0,257,0,149,1,1294
05 Jan 2021 01:52,60,495,825,0,257,0,148,0,1294
05 Jan 2021 01:52,60,495,825,0,257,0,148,0,1294
05 Jan 2021 01:52,60,495,825,0,257,0,148,0,1294
05 Jan 2021 01:52,60,495,825,0,257,0,148,0,1294
05 Jan 2021 02:10,61,480,824,0,260,0,149,0,1283
05 Jan 2021 02:10,61,480,824,0,260,0,149,0,1283
05 Jan 2021 02:10,61,480,824,0,260,0,149,0,1283
05 Jan 2021 02:10,61,480,824,0,260,0,149,0,1283
05 Jan 2021 02:10,61,480,824,0,260,0,149,0,1283
05 Jan 2021 02:40,53,467,826,0,260,0,149,0,1272
05 Jan 2021 02:40,53,467,826,0,260,0,149,0,1272
05 Jan 2021 02:40,53,467,826,0,260,0,149,0,1272
05 Jan 2021 02:52,49,474,827,0,253,0,149,0,1276
05 Jan 2021 02:52,49,474,827,0,253,0,149,0,1276
05 Jan 2021 02:52,49,474,827,0,253,0,149,0,1276
05 Jan 2021 03:10,50,457,825,8,259,0,148,0,1270
05 Jan 2021 03:16,48,458,825,10,259,0,148,0,1271
05 Jan 2021 03:10,50,457,825,8,259,0,148,0,1270
05 Jan 2021 03:16,48,458,825,10,259,0,148,0,1271
05 Jan 2021 03:16,48,458,825,10,259,0,148,0,1271
05 Jan 2021 03:16,48,458,825,10,259,0,148,0,1271
05 Jan 2021 03:40,42,443,826,14,259,0,152,0,1261
05 Jan 2021 03:40,42,443,826,14,259,0,152,0,1261
05 Jan 2021 03:40,42,443,826,14,259,0,152,0,1261
05 Jan 2021 03:58,47,440,825,23,260,0,151,0,1255
05 Jan 2021 03:58,47,440,825,23,260,0,151,0,1255
05 Jan 2021 03:58,47,440,825,23,260,0,151,0,1255
05 Jan 2021 03:58,47,440,825,23,260,0,151,0,1255
05 Jan 2021 04:16,50,470,828,31,247,0,150,1,1258
05 Jan 2021 04:16,50,470,828,31,247,0,150,1,1258
05 Jan 2021 04:16,50,470,828,31,247,0,150,1,1258
05 Jan 2021 04:16,50,470,828,31,247,0,150,1,1258
05 Jan 2021 04:40,41,475,826,43,252,0,146,1,1285
05 Jan 2021 04:46,41,519,826,50,246,0,147,1,1266
05 Jan 2021 04:46,41,519,826,50,246,0,147,1,1266
05 Jan 2021 04:46,41,519,826,50,246,0,147,1,1266
05 Jan 2021 04:46,41,519,826,50,246,0,147,1,1266
05 Jan 2021 04:46,41,519,826,50,246,0,147,1,1266
05 Jan 2021 05:10,42,515,827,64,259,0,148,1,1362
05 Jan 2021 05:16,45,523,825,60,259,0,146,2,1379
05 Jan 2021 05:16,45,523,825,60,259,0,146,2,1379
05 Jan 2021 05:28,49,564,828,63,260,0,148,3,1375
05 Jan 2021 05:28,49,564,828,63,260,0,148,3,1375
05 Jan 2021 05:28,49,564,828,63,260,0,148,3,1375
05 Jan 2021 05:28,49,564,828,63,260,0,148,3,1375
05 Jan 2021 05:28,49,564,828,63,260,0,148,3,1375
05 Jan 2021 05:28,49,564,828,63,260,0,148,3,1375
05 Jan 2021 05:28,49,564,828,63,260,0,148,3,1375
05 Jan 2021 05:28,49,564,828,63,260,0,148,3,1375
05 Jan 2021 05:28,49,564,828,63,260,0,148,3,1375
05 Jan 2021 05:28,49,564,828,63,260,0,148,3,1375
05 Jan 2021 06:16,51,568,827,106,259,0,150,1,1637
05 Jan 2021 06:16,51,568,827,106,259,0,150,1,1637
05 Jan 2021 06:16,51,568,827,106,259,0,150,1,1637
05 Jan 2021 06:16,51,568,827,106,259,0,150,1,1637
05 Jan 2021 06:16,51,568,827,106,259,0,150,1,1637
05 Jan 2021 06:40,53,576,825,139,260,0,149,2,1731
05 Jan 2021 06:40,53,576,825,139,260,0,149,2,1731
05 Jan 2021 06:52,59,624,826,154,260,0,151,1,1727
05 Jan 2021 06:52,59,624,826,154,260,0,151,1,1727
05 Jan 2021 07:03,59,555,826,156,288,0,151,1,1865
05 Jan 2021 07:03,59,555,826,156,288,0,151,1,1865
05 Jan 2021 07:03,59,555,826,156,288,0,151,1,1865
05 Jan 2021 07:03,59,555,826,156,288,0,151,1,1865
05 Jan 2021 07:03,59,555,826,156,288,0,151,1,1865
05 Jan 2021 07:28,63,583,824,153,309,0,150,1,2018
05 Jan 2021 07:28,63,583,824,153,309,0,150,1,2018
05 Jan 2021 07:40,65,572,826,182,338,0,144,1,2013
05 Jan 2021 07:46,66,594,824,181,358,0,146,0,2059
05 Jan 2021 07:46,66,594,824,181,358,0,146,0,2059
05 Jan 2021 07:46,66,594,824,181,358,0,146,0,2059
05 Jan 2021 07:46,66,594,824,181,358,0,146,0,2059
05 Jan 2021 07:46,66,594,824,181,358,0,146,0,2059
05 Jan 2021 07:46,66,594,824,181,358,0,146,0,2059
05 Jan 2021 07:46,66,594,824,181,358,0,146,0,2059
05 Jan 2021 07:46,66,594,824,181,358,0,146,0,2059
05 Jan 2021 08:28,54,676,822,207,357,0,146,1,2155
05 Jan 2021 08:34,54,665,822,209,358,0,145,1,2189
05 Jan 2021 08:34,54,665,822,209,358,0,145,1,2189
05 Jan 2021 08:34,54,665,822,209,358,0,145,1,2189
05 Jan 2021 08:46,54,743,822,206,357,0,150,1,2150
05 Jan 2021 08:46,54,743,822,206,357,0,150,1,2150
05 Jan 2021 08:58,57,709,820,234,357,0,153,1,2186
05 Jan 2021 09:04,53,767,820,202,358,0,153,1,2199
05 Jan 2021 09:04,53,767,820,202,358,0,153,1,2199
05 Jan 2021 09:10,57,771,817,202,360,0,151,1,2210
05 Jan 2021 09:16,62,764,818,225,349,0,155,1,2194
05 Jan 2021 09:16,62,764,818,225,349,0,155,1,2194
05 Jan 2021 09:16,62,764,818,225,349,0,155,1,2194
05 Jan 2021 09:16,62,764,818,225,349,0,155,1,2194
05 Jan 2021 09:16,62,764,818,225,349,0,155,1,2194
05 Jan 2021 09:16,62,764,818,225,349,0,155,1,2194
05 Jan 2021 09:16,62,764,818,225,349,0,155,1,2194
05 Jan 2021 09:16,62,764,818,225,349,0,155,1,2194
05 Jan 2021 09:16,62,764,818,225,349,0,155,1,2194
05 Jan 2021 09:16,62,764,818,225,349,0,155,1,2194
05 Jan 2021 10:10,70,823,816,228,356,0,153,0,2194
05 Jan 2021 10:16,68,780,815,234,356,0,157,0,2219
05 Jan 2021 10:16,68,780,815,234,356,0,157,0,2219
05 Jan 2021 10:22,75,786,816,230,356,0,155,1,2197
05 Jan 2021 10:22,75,786,816,230,356,0,155,1,2197
05 Jan 2021 10:22,75,786,816,230,356,0,155,1,2197
05 Jan 2021 10:40,80,813,805,235,365,0,156,1,2175
05 Jan 2021 10:40,80,813,805,235,365,0,156,1,2175
05 Jan 2021 10:52,83,813,806,224,367,0,156,2,2173
05 Jan 2021 10:52,83,813,806,224,367,0,156,2,2173
05 Jan 2021 11:04,91,799,807,239,353,0,156,2,2175
05 Jan 2021 11:04,91,799,807,239,353,0,156,2,2175
05 Jan 2021 11:16,87,834,811,235,340,0,158,3,2182
05 Jan 2021 11:16,87,834,811,235,340,0,158,3,2182
05 Jan 2021 11:16,87,834,811,235,340,0,158,3,2182
05 Jan 2021 11:28,92,850,804,227,341,0,158,3,2176
05 Jan 2021 11:28,92,850,804,227,341,0,158,3,2176
05 Jan 2021 11:28,92,850,804,227,341,0,158,3,2176
05 Jan 2021 11:40,99,853,807,235,350,0,158,3,2169
05 Jan 2021 11:52,113,854,807,233,350,0,162,3,2155
05 Jan 2021 11:58,115,848,808,234,351,0,161,3,2148
05 Jan 2021 11:58,115,848,808,234,351,0,161,3,2148
05 Jan 2021 12:04,118,885,808,232,350,0,162,3,2131
05 Jan 2021 12:04,118,885,808,232,350,0,162,3,2131
05 Jan 2021 12:04,118,885,808,232,350,0,162,3,2131
05 Jan 2021 12:04,118,885,808,232,350,0,162,3,2131
05 Jan 2021 12:04,118,885,808,232,350,0,162,3,2131
05 Jan 2021 12:04,118,885,808,232,350,0,162,3,2131
05 Jan 2021 12:04,118,885,808,232,350,0,162,3,2131
05 Jan 2021 12:04,118,885,808,232,350,0,162,3,2131
05 Jan 2021 12:04,118,885,808,232,350,0,162,3,2131
05 Jan 2021 12:04,118,885,808,232,350,0,162,3,2131
05 Jan 2021 12:04,118,885,808,232,350,0,162,3,2131
05 Jan 2021 12:04,118,885,808,232,350,0,162,3,2131
05 Jan 2021 12:04,118,885,808,232,350,0,162,3,2131
05 Jan 2021 12:04,118,885,808,232,350,0,162,3,2131
05 Jan 2021 12:04,118,885,808,232,350,0,162,3,2131
05 Jan 2021 12:04,118,885,808,232,350,0,162,3,2131
05 Jan 2021 12:04,118,885,808,232,350,0,162,3,2131
05 Jan 2021 12:04,118,885,808,232,350,0,162,3,2131
05 Jan 2021 12:04,118,885,808,232,350,0,162,3,2131
05 Jan 2021 12:04,118,885,808,232,350,0,162,3,2131
05 Jan 2021 12:04,118,885,808,232,350,0,162,3,2131
05 Jan 2021 12:04,118,885,808,232,350,0,162,3,2131
05 Jan 2021 12:04,118,885,808,232,350,0,162,3,2131
05 Jan 2021 14:04,138,900,796,234,376,0,157,0,2060
05 Jan 2021 14:16,153,897,795,233,376,0,158,2,2064
05 Jan 2021 14:16,153,897,795,233,376,0,158,2,2064
05 Jan 2021 14:16,153,897,795,233,376,0,158,2,2064
05 Jan 2021 14:28,145,903,797,230,376,0,161,2,2080
05 Jan 2021 14:28,145,903,797,230,376,0,161,2,2080
05 Jan 2021 14:28,145,903,797,230,376,0,161,2,2080
05 Jan 2021 14:28,145,903,797,230,376,0,161,2,2080
05 Jan 2021 14:28,145,903,797,230,376,0,161,2,2080
05 Jan 2021 14:52,149,831,845,230,420,0,161,3,2066
05 Jan 2021 14:52,149,831,845,230,420,0,161,3,2066
05 Jan 2021 14:52,149,831,845,230,420,0,161,3,2066
05 Jan 2021 14:52,149,831,845,230,420,0,161,3,2066
05 Jan 2021 14:52,149,831,845,230,420,0,161,3,2066
05 Jan 2021 14:52,149,831,845,230,420,0,161,3,2066
05 Jan 2021 14:52,149,831,845,230,420,0,161,3,2066
05 Jan 2021 14:52,149,831,845,230,420,0,161,3,2066
05 Jan 2021 15:40,156,800,900,234,422,0,159,5,2088
05 Jan 2021 15:40,156,800,900,234,422,0,159,5,2088
05 Jan 2021 15:46,169,800,898,232,421,0,160,5,2084
05 Jan 2021 15:46,169,800,898,232,421,0,160,5,2084
05 Jan 2021 15:46,169,800,898,232,421,0,160,5,2084
05 Jan 2021 15:46,169,800,898,232,421,0,160,5,2084
05 Jan 2021 15:46,169,800,898,232,421,0,160,5,2084
05 Jan 2021 15:46,169,800,898,232,421,0,160,5,2084
05 Jan 2021 15:46,169,800,898,232,421,0,160,5,2084
05 Jan 2021 16:22,204,813,895,231,422,0,151,3,2058
05 Jan 2021 16:22,204,813,895,231,422,0,151,3,2058
05 Jan 2021 16:34,223,835,898,230,391,0,151,2,2048
05 Jan 2021 16:40,224,842,897,234,392,0,153,1,2054
05 Jan 2021 16:40,224,842,897,234,392,0,153,1,2054
05 Jan 2021 16:40,224,842,897,234,392,0,153,1,2054
05 Jan 2021 16:58,247,839,894,229,390,0,153,1,2063
05 Jan 2021 16:58,247,839,894,229,390,0,153,1,2063
05 Jan 2021 17:04,243,841,896,231,390,0,151,1,2050
05 Jan 2021 17:04,243,841,896,231,390,0,151,1,2050
05 Jan 2021 17:16,238,833,894,238,392,0,156,1,2053
05 Jan 2021 17:22,246,858,894,231,390,0,153,1,2055
05 Jan 2021 17:28,242,871,895,224,392,0,154,1,2069
05 Jan 2021 17:28,242,871,895,224,392,0,154,1,2069
05 Jan 2021 17:28,242,871,895,224,392,0,154,1,2069
05 Jan 2021 17:28,242,871,895,224,392,0,154,1,2069
05 Jan 2021 17:28,242,871,895,224,392,0,154,1,2069
05 Jan 2021 17:28,242,871,895,224,392,0,154,1,2069
05 Jan 2021 17:28,242,871,895,224,392,0,154,1,2069
05 Jan 2021 17:58,259,838,893,227,390,0,142,0,2096
05 Jan 2021 18:10,248,775,895,234,428,0,142,0,2061
05 Jan 2021 18:16,242,773,897,234,429,0,141,0,2060
05 Jan 2021 18:16,242,773,897,234,429,0,141,0,2060
05 Jan 2021 18:22,249,781,897,233,430,0,141,0,2055
05 Jan 2021 18:22,249,781,897,233,430,0,141,0,2055
05 Jan 2021 18:34,245,789,895,233,429,0,140,0,2049
05 Jan 2021 18:22,249,781,897,233,430,0,141,0,2055
05 Jan 2021 18:40,231,794,896,233,429,0,138,1,2049
05 Jan 2021 18:40,231,794,896,233,429,0,138,1,2049
05 Jan 2021 18:40,231,794,896,233,429,0,138,1,2049
05 Jan 2021 18:40,231,794,896,233,429,0,138,1,2049
05 Jan 2021 18:40,231,794,896,233,429,0,138,1,2049
05 Jan 2021 19:10,219,766,891,232,409,0,141,0,1995
05 Jan 2021 19:10,219,766,891,232,409,0,141,0,1995
05 Jan 2021 19:10,219,766,891,232,409,0,141,0,1995
05 Jan 2021 19:10,219,766,891,232,409,0,141,0,1995
05 Jan 2021 19:10,219,766,891,232,409,0,141,0,1995
05 Jan 2021 19:40,220,752,898,231,409,0,115,0,1938
05 Jan 2021 19:40,220,752,898,231,409,0,115,0,1938
05 Jan 2021 19:40,220,752,898,231,409,0,115,0,1938
05 Jan 2021 19:40,220,752,898,231,409,0,115,0,1938
05 Jan 2021 19:58,209,681,900,228,409,0,117,0,1954
05 Jan 2021 20:04,215,662,899,236,409,0,118,0,1942
05 Jan 2021 20:04,215,662,899,236,409,0,118,0,1942
05 Jan 2021 20:04,215,662,899,236,409,0,118,0,1942
05 Jan 2021 20:04,215,662,899,236,409,0,118,0,1942
05 Jan 2021 20:04,215,662,899,236,409,0,118,0,1942
05 Jan 2021 20:04,215,662,899,236,409,0,118,0,1942
05 Jan 2021 20:04,215,662,899,236,409,0,118,0,1942
05 Jan 2021 20:46,199,609,906,192,410,0,147,0,1909
05 Jan 2021 20:46,199,609,906,192,410,0,147,0,1909
05 Jan 2021 20:46,199,609,906,192,410,0,147,0,1909
05 Jan 2021 20:46,199,609,906,192,410,0,147,0,1909
05 Jan 2021 20:46,199,609,906,192,410,0,147,0,1909
05 Jan 2021 20:46,199,609,906,192,410,0,147,0,1909
05 Jan 2021 21:10,215,714,911,234,326,0,148,0,1896
05 Jan 2021 21:10,215,714,911,234,326,0,148,0,1896
05 Jan 2021 21:10,215,714,911,234,326,0,148,0,1896
05 Jan 2021 21:10,215,714,911,234,326,0,148,0,1896
05 Jan 2021 21:34,222,721,913,233,291,0,147,1,1859
05 Jan 2021 21:34,222,721,913,233,291,0,147,1,1859
05 Jan 2021 21:46,229,740,913,220,281,0,144,1,1813
05 Jan 2021 21:46,229,740,913,220,281,0,144,1,1813
05 Jan 2021 21:46,229,740,913,220,281,0,144,1,1813
05 Jan 2021 21:46,229,740,913,220,281,0,144,1,1813
05 Jan 2021 21:46,229,740,913,220,281,0,144,1,1813
05 Jan 2021 21:46,229,740,913,220,281,0,144,1,1813
05 Jan 2021 22:16,209,649,918,229,279,0,149,2,1731
05 Jan 2021 22:16,209,649,918,229,279,0,149,2,1731
05 Jan 2021 22:16,209,649,918,229,279,0,149,2,1731
05 Jan 2021 22:16,209,649,918,229,279,0,149,2,1731
05 Jan 2021 22:16,209,649,918,229,279,0,149,2,1731
05 Jan 2021 22:16,209,649,918,229,279,0,149,2,1731
05 Jan 2021 22:52,219,516,920,219,279,0,147,3,1649
05 Jan 2021 22:58,225,477,921,202,279,0,145,4,1640
05 Jan 2021 22:58,225,477,921,202,279,0,145,4,1640
05 Jan 2021 22:58,225,477,921,202,279,0,145,4,1640
05 Jan 2021 23:10,228,508,923,214,261,0,146,4,1599
05 Jan 2021 23:16,224,504,923,202,260,0,148,4,1589
05 Jan 2021 23:16,224,504,923,202,260,0,148,4,1589
05 Jan 2021 23:16,224,504,923,202,260,0,148,4,1589
05 Jan 2021 23:28,232,435,925,198,259,0,148,4,1582
05 Jan 2021 23:34,223,452,923,196,260,0,147,4,1559
05 Jan 2021 23:46,199,428,923,199,260,0,144,4,1548
05 Jan 2021 23:46,199,428,923,199,260,0,144,4,1548
05 Jan 2021 23:52,206,403,922,197,258,0,147,5,1535
05 Jan 2021 23:52,206,403,922,197,258,0,147,5,1535
05 Jan 2021 23:52,206,403,922,197,258,0,147,5,1535
06 Jan 2021 00:04,197,475,925,196,260,0,148,6,1433
06 Jan 2021 00:16,187,481,925,223,261,0,151,6,1341
06 Jan 2021 00:16,187,481,925,223,261,0,151,6,1341
06 Jan 2021 00:16,187,481,925,223,261,0,151,6,1341
06 Jan 2021 00:22,186,456,926,225,259,0,149,7,1331
06 Jan 2021 00:22,186,456,926,225,259,0,149,7,1331
06 Jan 2021 00:22,186,456,926,225,259,0,149,7,1331
06 Jan 2021 00:46,187,397,926,230,271,0,148,6,1289
06 Jan 2021 00:46,187,397,926,230,271,0,148,6,1289
06 Jan 2021 00:46,187,397,926,230,271,0,148,6,1289
06 Jan 2021 00:46,187,397,926,230,271,0,148,6,1289
06 Jan 2021 00:46,187,397,926,230,271,0,148,6,1289
06 Jan 2021 00:46,187,397,926,230,271,0,148,6,1289
06 Jan 2021 00:46,187,397,926,230,271,0,148,6,1289
06 Jan 2021 00:46,187,397,926,230,271,0,148,6,1289
06 Jan 2021 00:46,187,397,926,230,271,0,148,6,1289
06 Jan 2021 00:46,187,397,926,230,271,0,148,6,1289
06 Jan 2021 00:46,187,397,926,230,271,0,148,6,1289
06 Jan 2021 00:46,187,397,926,230,271,0,148,6,1289
06 Jan 2021 01:46,168,355,926,204,240,0,150,2,1238
06 Jan 2021 01:46,168,355,926,204,240,0,150,2,1238
06 Jan 2021 01:46,168,355,926,204,240,0,150,2,1238
06 Jan 2021 01:46,168,355,926,204,240,0,150,2,1238
06 Jan 2021 01:46,168,355,926,204,240,0,150,2,1238
06 Jan 2021 01:46,168,355,926,204,240,0,150,2,1238
06 Jan 2021 02:16,127,364,929,224,249,0,153,5,1230
06 Jan 2021 02:16,127,364,929,224,249,0,153,5,1230
06 Jan 2021 02:16,127,364,929,224,249,0,153,5,1230
06 Jan 2021 02:16,127,364,929,224,249,0,153,5,1230
06 Jan 2021 02:16,127,364,929,224,249,0,153,5,1230
06 Jan 2021 02:16,127,364,929,224,249,0,153,5,1230
06 Jan 2021 02:46,93,391,931,230,239,0,152,6,1203
06 Jan 2021 02:52,89,391,928,231,240,0,150,7,1199
06 Jan 2021 02:52,89,391,928,231,240,0,150,7,1199
06 Jan 2021 03:04,83,390,932,229,242,0,146,7,1209
06 Jan 2021 03:04,83,390,932,229,242,0,146,7,1209
06 Jan 2021 03:16,91,387,931,232,237,0,146,7,1196
06 Jan 2021 03:16,91,387,931,232,237,0,146,7,1196
06 Jan 2021 03:22,89,346,931,229,249,0,146,6,1213
06 Jan 2021 03:22,89,346,931,229,249,0,146,6,1213
06 Jan 2021 03:34,98,339,932,213,240,0,137,6,1226
06 Jan 2021 03:34,98,339,932,213,240,0,137,6,1226
06 Jan 2021 03:34,98,339,932,213,240,0,137,6,1226
06 Jan 2021 03:52,78,339,931,205,253,0,134,5,1242
06 Jan 2021 03:52,78,339,931,205,253,0,134,5,1242
06 Jan 2021 03:52,78,339,931,205,253,0,134,5,1242
06 Jan 2021 04:04,63,318,931,214,244,0,135,7,1292
06 Jan 2021 04:04,63,318,931,214,244,0,135,7,1292
06 Jan 2021 13:04,94,785,886,228,359,0,133,4,2253
06 Jan 2021 13:04,94,785,886,228,359,0,133,4,2253
06 Jan 2021 13:04,94,785,886,228,359,0,133,4,2253
06 Jan 2021 13:04,94,785,886,228,359,0,133,4,2253
06 Jan 2021 13:28,109,751,889,230,360,0,137,9,2229
06 Jan 2021 13:28,109,751,889,230,360,0,137,9,2229
06 Jan 2021 13:40,99,755,889,233,360,0,134,7,2234
06 Jan 2021 13:40,99,755,889,233,360,0,134,7,2234
06 Jan 2021 13:40,99,755,889,233,360,0,134,7,2234
06 Jan 2021 13:52,111,729,888,238,358,0,136,9,2230
06 Jan 2021 13:58,119,722,889,232,358,0,135,10,2215
06 Jan 2021 13:58,119,722,889,232,358,0,135,10,2215
06 Jan 2021 14:04,117,734,887,224,359,0,133,7,2231
06 Jan 2021 14:16,131,707,886,235,359,0,135,7,2230
06 Jan 2021 14:16,131,707,886,235,359,0,135,7,2230
06 Jan 2021 14:22,127,715,886,231,358,0,133,13,2237
06 Jan 2021 14:28,135,711,888,225,359,0,135,14,2235
06 Jan 2021 14:28,135,711,888,225,359,0,135,14,2235
06 Jan 2021 14:34,129,704,886,228,364,0,134,16,2236
06 Jan 2021 14:34,129,704,886,228,364,0,134,16,2236
06 Jan 2021 14:52,123,754,885,231,371,0,135,10,2231
06 Jan 2021 14:52,123,754,885,231,371,0,135,10,2231
06 Jan 2021 14:52,123,754,885,231,371,0,135,10,2231
06 Jan 2021 14:52,123,754,885,231,371,0,135,10,2231
06 Jan 2021 15:10,121,742,887,232,360,0,138,11,2263
06 Jan 2021 15:16,133,741,884,230,359,0,137,12,2269
06 Jan 2021 15:22,136,737,886,232,360,0,137,12,2260
06 Jan 2021 15:28,129,780,883,235,350,0,137,11,2255
06 Jan 2021 15:28,129,780,883,235,350,0,137,11,2255
06 Jan 2021 15:28,129,780,883,235,350,0,137,11,2255
06 Jan 2021 15:46,137,823,885,227,346,0,138,8,2243
06 Jan 2021 15:46,137,823,885,227,346,0,138,8,2243
06 Jan 2021 15:52,136,829,884,232,348,0,138,6,2239
06 Jan 2021 15:58,143,817,885,236,343,0,140,4,2234
06 Jan 2021 16:04,130,790,882,232,363,0,137,4,2277
06 Jan 2021 16:09,129,826,882,230,354,0,138,4,2274
06 Jan 2021 16:09,129,826,882,230,354,0,138,4,2274
06 Jan 2021 16:09,129,826,882,230,354,0,138,4,2274
06 Jan 2021 16:09,129,826,882,230,354,0,138,4,2274
06 Jan 2021 16:27,131,823,884,236,356,0,138,5,2270
06 Jan 2021 16:27,131,823,884,236,356,0,138,5,2270
06 Jan 2021 16:39,129,853,883,222,358,0,138,5,2265
06 Jan 2021 16:45,135,839,885,242,357,0,137,5,2248
06 Jan 2021 16:45,135,839,885,242,357,0,137,5,2248
06 Jan 2021 16:58,135,840,886,228,356,0,137,7,2262
06 Jan 2021 16:58,135,840,886,228,356,0,137,7,2262
06 Jan 2021 17:04,136,774,886,231,413,0,139,6,2254
06 Jan 2021 17:10,126,769,877,229,411,0,136,5,2289
06 Jan 2021 17:10,126,769,877,229,411,0,136,5,2289
06 Jan 2021 17:10,126,769,877,229,411,0,136,5,2289
06 Jan 2021 17:22,129,808,873,231,411,0,140,7,2274
06 Jan 2021 17:22,129,808,873,231,411,0,140,7,2274
06 Jan 2021 17:22,129,808,873,231,411,0,140,7,2274
06 Jan 2021 17:40,144,758,875,238,411,0,137,7,2273
06 Jan 2021 17:40,144,758,875,238,411,0,137,7,2273
06 Jan 2021 17:40,144,758,875,238,411,0,137,7,2273
06 Jan 2021 17:40,144,758,875,238,411,0,137,7,2273
06 Jan 2021 18:04,150,743,885,237,410,0,139,2,2243
06 Jan 2021 18:04,150,743,885,237,410,0,139,2,2243
06 Jan 2021 18:10,157,718,882,234,412,0,137,2,2244
06 Jan 2021 18:16,151,725,884,223,412,0,137,2,2254
06 Jan 2021 18:16,151,725,884,223,412,0,137,2,2254
06 Jan 2021 18:16,151,725,884,223,412,0,137,2,2254
06 Jan 2021 18:16,151,725,884,223,412,0,137,2,2254
06 Jan 2021 18:40,143,719,884,223,415,0,138,1,2244
06 Jan 2021 18:40,143,719,884,223,415,0,138,1,2244
06 Jan 2021 18:40,143,719,884,223,415,0,138,1,2244
06 Jan 2021 18:40,143,719,884,223,415,0,138,1,2244
06 Jan 2021 19:03,132,726,886,231,403,0,138,2,2172
06 Jan 2021 19:03,132,726,886,231,403,0,138,2,2172
06 Jan 2021 19:03,132,726,886,231,403,0,138,2,2172
06 Jan 2021 19:16,139,693,888,218,408,0,138,2,2174
06 Jan 2021 19:16,139,693,888,218,408,0,138,2,2174
06 Jan 2021 19:16,139,693,888,218,408,0,138,2,2174
06 Jan 2021 19:16,139,693,888,218,408,0,138,2,2174
06 Jan 2021 19:16,139,693,888,218,408,0,138,2,2174
06 Jan 2021 19:16,139,693,888,218,408,0,138,2,2174
06 Jan 2021 19:16,139,693,888,218,408,0,138,2,2174
06 Jan 2021 19:52,146,641,892,205,416,0,135,1,2111
06 Jan 2021 19:52,146,641,892,205,416,0,135,1,2111
06 Jan 2021 19:58,147,621,893,204,415,0,137,0,2107
06 Jan 2021 19:58,147,621,893,204,415,0,137,0,2107
06 Jan 2021 20:09,142,594,894,237,415,0,138,1,2090
06 Jan 2021 20:09,142,594,894,237,415,0,138,1,2090
06 Jan 2021 20:09,142,594,894,237,415,0,138,1,2090
06 Jan 2021 20:09,142,594,894,237,415,0,138,1,2090
06 Jan 2021 20:09,142,594,894,237,415,0,138,1,2090
06 Jan 2021 20:09,142,594,894,237,415,0,138,1,2090
06 Jan 2021 20:45,155,595,900,220,384,0,140,1,2083
06 Jan 2021 20:45,155,595,900,220,384,0,140,1,2083
06 Jan 2021 20:51,152,594,904,228,383,0,136,2,2095
06 Jan 2021 20:51,152,594,904,228,383,0,136,2,2095
06 Jan 2021 20:57,158,600,906,226,384,0,139,3,2083
06 Jan 2021 21:10,159,653,903,227,336,0,148,8,2086
06 Jan 2021 21:15,153,648,906,229,336,0,152,9,2077
06 Jan 2021 21:15,153,648,906,229,336,0,152,9,2077
06 Jan 2021 21:21,158,637,905,225,336,0,150,10,2082
06 Jan 2021 21:21,158,637,905,225,336,0,150,10,2082
06 Jan 2021 21:33,159,634,909,229,336,0,154,11,2037
06 Jan 2021 21:33,159,634,909,229,336,0,154,11,2037
06 Jan 2021 21:33,159,634,909,229,336,0,154,11,2037
06 Jan 2021 21:33,159,634,909,229,336,0,154,11,2037
06 Jan 2021 21:33,159,634,909,229,336,0,154,11,2037
06 Jan 2021 21:33,159,634,909,229,336,0,154,11,2037
06 Jan 2021 21:33,159,634,909,229,336,0,154,11,2037
06 Jan 2021 21:33,159,634,909,229,336,0,154,11,2037
06 Jan 2021 21:33,159,634,909,229,336,0,154,11,2037
06 Jan 2021 22:15,156,558,916,183,338,0,147,21,1939
06 Jan 2021 22:27,158,551,916,180,338,0,148,20,1863
06 Jan 2021 22:27,158,551,916,180,338,0,148,20,1863
06 Jan 2021 22:27,158,551,916,180,338,0,148,20,1863
06 Jan 2021 22:27,158,551,916,180,338,0,148,20,1863
06 Jan 2021 22:46,160,464,919,177,336,0,146,25,1767
06 Jan 2021 22:52,152,473,919,174,338,0,146,25,1748
06 Jan 2021 22:52,152,473,919,174,338,0,146,25,1748
06 Jan 2021 22:52,152,473,919,174,338,0,146,25,1748
06 Jan 2021 23:10,148,483,922,195,291,0,148,26,1726
06 Jan 2021 23:10,148,483,922,195,291,0,148,26,1726
06 Jan 2021 23:10,148,483,922,195,291,0,148,26,1726
06 Jan 2021 23:22,161,449,920,181,290,0,148,32,1693
06 Jan 2021 23:22,161,449,920,181,290,0,148,32,1693
06 Jan 2021 23:22,161,449,920,181,290,0,148,32,1693
06 Jan 2021 23:22,161,449,920,181,290,0,148,32,1693
06 Jan 2021 23:46,179,426,923,177,291,0,145,35,1563
06 Jan 2021 23:52,190,431,923,176,290,0,150,35,1527
06 Jan 2021 23:52,190,431,923,176,290,0,150,35,1527
06 Jan 2021 23:52,190,431,923,176,290,0,150,35,1527
07 Jan 2021 00:10,201,386,922,207,252,0,147,42,1437
07 Jan 2021 00:10,201,386,922,207,252,0,147,42,1437
07 Jan 2021 00:10,201,386,922,207,252,0,147,42,1437
07 Jan 2021 00:22,215,384,923,198,250,0,149,43,1383
07 Jan 2021 00:22,215,384,923,198,250,0,149,43,1383
07 Jan 2021 00:22,215,384,923,198,250,0,149,43,1383
07 Jan 2021 00:22,215,384,923,198,250,0,149,43,1383
07 Jan 2021 00:40,227,316,926,205,240,0,147,43,1350
07 Jan 2021 00:40,227,316,926,205,240,0,147,43,1350
07 Jan 2021 00:52,231,322,923,174,252,0,145,42,1308
07 Jan 2021 00:58,237,320,924,177,251,0,146,42,1282
07 Jan 2021 00:58,237,320,924,177,251,0,146,42,1282
07 Jan 2021 00:58,237,320,924,177,251,0,146,42,1282
07 Jan 2021 00:58,237,320,924,177,251,0,146,42,1282
07 Jan 2021 01:22,238,294,923,186,237,0,144,34,1268
07 Jan 2021 01:28,229,292,924,205,234,0,148,30,1253
07 Jan 2021 01:28,229,292,924,205,234,0,148,30,1253
07 Jan 2021 01:28,229,292,924,205,234,0,148,30,1253
07 Jan 2021 01:28,229,292,924,205,234,0,148,30,1253
07 Jan 2021 01:46,217,302,924,208,252,0,148,29,1205
07 Jan 2021 01:46,217,302,924,208,252,0,148,29,1205
07 Jan 2021 01:46,217,302,924,208,252,0,148,29,1205
07 Jan 2021 01:58,207,285,926,203,252,0,147,19,1211
07 Jan 2021 02:04,207,329,923,217,259,0,148,17,1153
07 Jan 2021 02:04,207,329,923,217,259,0,148,17,1153
07 Jan 2021 02:16,206,328,923,226,238,0,148,19,1142
07 Jan 2021 02:16,206,328,923,226,238,0,148,19,1142
07 Jan 2021 02:28,215,321,923,206,236,0,149,27,1130
07 Jan 2021 02:28,215,321,923,206,236,0,149,27,1130
07 Jan 2021 02:34,215,292,927,207,234,0,151,26,1142
07 Jan 2021 02:46,212,282,928,201,238,0,150,27,1141
07 Jan 2021 02:46,212,282,928,201,238,0,150,27,1141
07 Jan 2021 02:46,212,282,928,201,238,0,150,27,1141
07 Jan 2021 02:58,212,289,926,208,228,0,149,28,1132
07 Jan 2021 02:58,212,289,926,208,228,0,149,28,1132
07 Jan 2021 02:58,212,289,926,208,228,0,149,28,1132
07 Jan 2021 02:58,212,289,926,208,228,0,149,28,1132
07 Jan 2021 02:58,212,289,926,208,228,0,149,28,1132
07 Jan 2021 02:58,212,289,926,208,228,0,149,28,1132
07 Jan 2021 02:58,212,289,926,208,228,0,149,28,1132
07 Jan 2021 03:34,188,278,927,199,234,0,144,23,1134
07 Jan 2021 02:58,212,289,926,208,228,0,149,28,1132
07 Jan 2021 03:46,213,262,927,205,224,0,147,33,1100
07 Jan 2021 03:46,213,262,927,205,224,0,147,33,1100
07 Jan 2021 03:46,213,262,927,205,224,0,147,33,1100
07 Jan 2021 03:46,213,262,927,205,224,0,147,33,1100
07 Jan 2021 04:04,227,255,928,183,238,0,145,28,1137
07 Jan 2021 04:04,227,255,928,183,238,0,145,28,1137
07 Jan 2021 04:04,227,255,928,183,238,0,145,28,1137
07 Jan 2021 04:28,243,268,929,204,236,0,148,25,1122
07 Jan 2021 04:28,243,268,929,204,236,0,148,25,1122
07 Jan 2021 04:28,243,268,929,204,236,0,148,25,1122
07 Jan 2021 04:28,243,268,929,204,236,0,148,25,1122
07 Jan 2021 04:40,245,271,929,203,228,0,144,27,1142
07 Jan 2021 04:40,245,271,929,203,228,0,144,27,1142
07 Jan 2021 04:40,245,271,929,203,228,0,144,27,1142
07 Jan 2021 04:40,245,271,929,203,228,0,144,27,1142
07 Jan 2021 04:40,245,271,929,203,228,0,144,27,1142
07 Jan 2021 04:40,245,271,929,203,228,0,144,27,1142
07 Jan 2021 04:40,245,271,929,203,228,0,144,27,1142
07 Jan 2021 04:40,245,271,929,203,228,0,144,27,1142
07 Jan 2021 04:40,245,271,929,203,228,0,144,27,1142
07 Jan 2021 04:40,245,271,929,203,228,0,144,27,1142
07 Jan 2021 04:40,245,271,929,203,228,0,144,27,1142
07 Jan 2021 05:40,230,386,927,201,246,0,141,9,1383
07 Jan 2021 05:40,230,386,927,201,246,0,141,9,1383
07 Jan 2021 05:40,230,386,927,201,246,0,141,9,1383
07 Jan 2021 05:40,230,386,927,201,246,0,141,9,1383
07 Jan 2021 05:40,230,386,927,201,246,0,141,9,1383
07 Jan 2021 06:04,228,431,930,210,220,0,145,8,1501
07 Jan 2021 06:10,243,416,927,206,220,0,142,7,1563
07 Jan 2021 06:10,243,416,927,206,220,0,142,7,1563
07 Jan 2021 06:10,243,416,927,206,220,0,142,7,1563
07 Jan 2021 06:28,223,421,931,203,234,0,144,6,1597
07 Jan 2021 06:34,227,431,934,209,253,0,145,5,1581
07 Jan 2021 06:34,227,431,934,209,253,0,145,5,1581
07 Jan 2021 06:40,230,440,930,207,257,0,143,6,1611
07 Jan 2021 06:46,239,437,929,206,254,0,142,5,1646
07 Jan 2021 06:46,239,437,929,206,254,0,142,5,1646
07 Jan 2021 06:46,239,437,929,206,254,0,142,5,1646
07 Jan 2021 06:46,239,437,929,206,254,0,142,5,1646
07 Jan 2021 06:46,239,437,929,206,254,0,142,5,1646
07 Jan 2021 07:10,164,487,931,205,274,0,144,2,1878
07 Jan 2021 07:10,164,487,931,205,274,0,144,2,1878
07 Jan 2021 07:28,141,521,932,209,302,0,145,1,1963
07 Jan 2021 07:28,141,521,932,209,302,0,145,1,1963
07 Jan 2021 07:34,156,536,929,207,310,0,148,1,1994
07 Jan 2021 07:34,156,536,929,207,310,0,148,1,1994
07 Jan 2021 07:34,156,536,929,207,310,0,148,1,1994
07 Jan 2021 07:34,156,536,929,207,310,0,148,1,1994
07 Jan 2021 07:58,184,646,929,243,323,0,148,0,1994
07 Jan 2021 07:58,184,646,929,243,323,0,148,0,1994
07 Jan 2021 07:58,184,646,929,243,323,0,148,0,1994
07 Jan 2021 08:16,162,632,928,225,345,0,144,1,2119
07 Jan 2021 08:16,162,632,928,225,345,0,144,1,2119
07 Jan 2021 08:16,162,632,928,225,345,0,144,1,2119
07 Jan 2021 08:16,162,632,928,225,345,0,144,1,2119
07 Jan 2021 08:16,162,632,928,225,345,0,144,1,2119
07 Jan 2021 08:16,162,632,928,225,345,0,144,1,2119
07 Jan 2021 08:16,162,632,928,225,345,0,144,1,2119
07 Jan 2021 08:52,154,714,928,219,337,0,147,7,2169
07 Jan 2021 08:52,154,714,928,219,337,0,147,7,2169
07 Jan 2021 09:04,153,724,927,236,371,0,148,5,2144
07 Jan 2021 09:04,153,724,927,236,371,0,148,5,2144
07 Jan 2021 09:04,153,724,927,236,371,0,148,5,2144
07 Jan 2021 09:04,153,724,927,236,371,0,148,5,2144
07 Jan 2021 09:04,153,724,927,236,371,0,148,5,2144
07 Jan 2021 09:04,153,724,927,236,371,0,148,5,2144
07 Jan 2021 09:04,153,724,927,236,371,0,148,5,2144
07 Jan 2021 09:04,153,724,927,236,371,0,148,5,2144
07 Jan 2021 09:04,153,724,927,236,371,0,148,5,2144
07 Jan 2021 09:04,153,724,927,236,371,0,148,5,2144
07 Jan 2021 09:04,153,724,927,236,371,0,148,5,2144
07 Jan 2021 10:04,162,798,899,232,385,0,159,0,2162
07 Jan 2021 10:10,185,785,889,226,385,0,157,0,2164
07 Jan 2021 10:10,185,785,889,226,385,0,157,0,2164
07 Jan 2021 10:10,185,785,889,226,385,0,157,0,2164
07 Jan 2021 10:10,185,785,889,226,385,0,157,0,2164
07 Jan 2021 10:10,185,785,889,226,385,0,157,0,2164
07 Jan 2021 10:34,172,739,891,234,417,0,154,0,2148
07 Jan 2021 10:34,172,739,891,234,417,0,154,0,2148
07 Jan 2021 10:46,185,727,891,231,432,0,155,0,2119
07 Jan 2021 10:52,187,720,889,227,433,0,153,0,2150
07 Jan 2021 10:58,193,721,888,227,432,0,149,0,2131
07 Jan 2021 10:58,193,721,888,227,432,0,149,0,2131
07 Jan 2021 10:58,193,721,888,227,432,0,149,0,2131
07 Jan 2021 10:58,193,721,888,227,432,0,149,0,2131
07 Jan 2021 11:16,211,742,910,236,420,0,153,0,2062
07 Jan 2021 11:16,211,742,910,236,420,0,153,0,2062
07 Jan 2021 11:16,211,742,910,236,420,0,153,0,2062
07 Jan 2021 11:16,211,742,910,236,420,0,153,0,2062
07 Jan 2021 11:16,211,742,910,236,420,0,153,0,2062
07 Jan 2021 11:46,230,706,895,230,426,0,155,0,2079
07 Jan 2021 11:46,230,706,895,230,426,0,155,0,2079
07 Jan 2021 11:46,230,706,895,230,426,0,155,0,2079
07 Jan 2021 11:52,234,716,895,234,426,0,155,0,2076
07 Jan 2021 11:58,233,718,897,237,427,0,156,0,2077
07 Jan 2021 11:58,233,718,897,237,427,0,156,0,2077
07 Jan 2021 11:58,233,718,897,237,427,0,156,0,2077
07 Jan 2021 11:58,233,718,897,237,427,0,156,0,2077
07 Jan 2021 12:22,238,708,903,238,409,0,148,0,2041
07 Jan 2021 12:28,248,690,902,230,415,0,146,0,2052
07 Jan 2021 12:28,248,690,902,230,415,0,146,0,2052
07 Jan 2021 12:40,237,696,903,233,435,0,147,0,2057
07 Jan 2021 12:40,237,696,903,233,435,0,147,0,2057
07 Jan 2021 12:40,237,696,903,233,435,0,147,0,2057
07 Jan 2021 12:40,237,696,903,233,435,0,147,0,2057
07 Jan 2021 12:40,237,696,903,233,435,0,147,0,2057
07 Jan 2021 13:04,238,738,901,230,435,0,143,3,2044
07 Jan 2021 13:04,238,738,901,230,435,0,143,3,2044
07 Jan 2021 13:04,238,738,901,230,435,0,143,3,2044
07 Jan 2021 13:04,238,738,901,230,435,0,143,3,2044
07 Jan 2021 13:04,238,738,901,230,435,0,143,3,2044
07 Jan 2021 13:28,229,803,845,235,433,0,143,5,2033
07 Jan 2021 13:28,229,803,845,235,433,0,143,5,2033
07 Jan 2021 13:46,251,756,851,235,434,0,143,5,2002
07 Jan 2021 13:46,251,756,851,235,434,0,143,5,2002
07 Jan 2021 13:46,251,756,851,235,434,0,143,5,2002
07 Jan 2021 13:46,251,756,851,235,434,0,143,5,2002
07 Jan 2021 13:58,254,760,851,226,434,0,142,6,2009
07 Jan 2021 13:58,254,760,851,226,434,0,142,6,2009
07 Jan 2021 13:58,254,760,851,226,434,0,142,6,2009
07 Jan 2021 13:58,254,760,851,226,434,0,142,6,2009
07 Jan 2021 13:58,254,760,851,226,434,0,142,6,2009
07 Jan 2021 14:28,246,724,900,219,416,0,144,11,2008
07 Jan 2021 14:34,270,674,898,232,440,0,145,11,1992
07 Jan 2021 14:40,271,653,899,235,457,0,145,13,1979
07 Jan 2021 14:40,271,653,899,235,457,0,145,13,1979
07 Jan 2021 14:40,271,653,899,235,457,0,145,13,1979
07 Jan 2021 14:40,271,653,899,235,457,0,145,13,1979
07 Jan 2021 14:40,271,653,899,235,457,0,145,13,1979
07 Jan 2021 14:40,271,653,899,235,457,0,145,13,1979
07 Jan 2021 14:40,271,653,899,235,457,0,145,13,1979
07 Jan 2021 14:40,271,653,899,235,457,0,145,13,1979
07 Jan 2021 14:40,271,653,899,235,457,0,145,13,1979
07 Jan 2021 14:40,271,653,899,235,457,0,145,13,1979
07 Jan 2021 15:28,296,697,895,185,459,0,142,23,2055
07 Jan 2021 15:34,276,712,895,187,462,0,146,21,2045
07 Jan 2021 15:40,264,729,897,181,461,0,145,24,2076
07 Jan 2021 15:40,264,729,897,181,461,0,145,24,2076
07 Jan 2021 15:52,261,749,895,213,461,0,149,23,2052
07 Jan 2021 15:52,261,749,895,213,461,0,149,23,2052
07 Jan 2021 15:58,277,724,895,225,461,0,147,22,2044
07 Jan 2021 15:58,277,724,895,225,461,0,147,22,2044
07 Jan 2021 16:16,282,726,899,211,462,0,158,25,2052
07 Jan 2021 16:16,282,726,899,211,462,0,158,25,2052
07 Jan 2021 16:22,266,739,900,207,462,0,157,25,2058
07 Jan 2021 16:28,259,742,899,207,462,0,156,27,2055
07 Jan 2021 16:28,259,742,899,207,462,0,156,27,2055
07 Jan 2021 16:28,259,742,899,207,462,0,156,27,2055
07 Jan 2021 16:40,265,714,901,212,463,0,158,28,2042
07 Jan 2021 16:40,265,714,901,212,463,0,158,28,2042
07 Jan 2021 16:58,256,723,903,215,461,0,160,25,2051
07 Jan 2021 16:58,256,723,903,215,461,0,160,25,2051
07 Jan 2021 16:58,256,723,903,215,461,0,160,25,2051
07 Jan 2021 17:04,268,715,902,212,463,0,160,29,2053
07 Jan 2021 17:04,268,715,902,212,463,0,160,29,2053
07 Jan 2021 17:04,268,715,902,212,463,0,160,29,2053
07 Jan 2021 17:28,256,765,904,203,463,0,158,28,2057
07 Jan 2021 17:28,256,765,904,203,463,0,158,28,2057
07 Jan 2021 17:28,256,765,904,203,463,0,158,28,2057
07 Jan 2021 17:34,263,750,903,208,465,0,160,28,2060
07 Jan 2021 17:46,267,761,905,207,465,0,160,27,2062
07 Jan 2021 17:46,267,761,905,207,465,0,160,27,2062
07 Jan 2021 17:58,248,769,908,215,465,0,160,25,2073
07 Jan 2021 17:58,248,769,908,215,465,0,160,25,2073
07 Jan 2021 17:58,248,769,908,215,465,0,160,25,2073
07 Jan 2021 17:58,248,769,908,215,465,0,160,25,2073
07 Jan 2021 17:58,248,769,908,215,465,0,160,25,2073
07 Jan 2021 17:58,248,769,908,215,465,0,160,25,2073
07 Jan 2021 18:22,234,750,905,212,467,0,163,28,2049
07 Jan 2021 18:22,234,750,905,212,467,0,163,28,2049
07 Jan 2021 18:22,234,750,905,212,467,0,163,28,2049
07 Jan 2021 18:22,234,750,905,212,467,0,163,28,2049
07 Jan 2021 18:22,234,750,905,212,467,0,163,28,2049
07 Jan 2021 18:22,234,750,905,212,467,0,163,28,2049
07 Jan 2021 18:58,207,755,905,206,467,0,159,31,2013
07 Jan 2021 18:58,207,755,905,206,467,0,159,31,2013
07 Jan 2021 18:58,207,755,905,206,467,0,159,31,2013
07 Jan 2021 18:58,207,755,905,206,467,0,159,31,2013
07 Jan 2021 18:58,207,755,905,206,467,0,159,31,2013
07 Jan 2021 18:58,207,755,905,206,467,0,159,31,2013
07 Jan 2021 18:58,207,755,905,206,467,0,159,31,2013
07 Jan 2021 18:58,207,755,905,206,467,0,159,31,2013
07 Jan 2021 19:46,219,662,910,206,470,0,164,24,1933
07 Jan 2021 19:46,219,662,910,206,470,0,164,24,1933
07 Jan 2021 19:52,231,591,910,211,468,0,162,26,1961
07 Jan 2021 19:52,231,591,910,211,468,0,162,26,1961
07 Jan 2021 19:52,231,591,910,211,468,0,162,26,1961
07 Jan 2021 20:04,204,610,910,213,468,0,160,25,1934
07 Jan 2021 20:16,222,603,912,208,469,0,162,23,1939
07 Jan 2021 20:16,222,603,912,208,469,0,162,23,1939
07 Jan 2021 20:16,222,603,912,208,469,0,162,23,1939
07 Jan 2021 20:16,222,603,912,208,469,0,162,23,1939
07 Jan 2021 20:34,246,600,911,211,437,0,148,31,1917
07 Jan 2021 20:34,246,600,911,211,437,0,148,31,1917
07 Jan 2021 20:34,246,600,911,211,437,0,148,31,1917
07 Jan 2021 20:46,239,584,913,212,422,0,151,26,1948
07 Jan 2021 20:46,239,584,913,212,422,0,151,26,1948
07 Jan 2021 20:46,239,584,913,212,422,0,151,26,1948
07 Jan 2021 20:46,239,584,913,212,422,0,151,26,1948
07 Jan 2021 20:46,239,584,913,212,422,0,151,26,1948
