,,,,,,,
03 Jan 2021 11:30,286,,,,,,,
03 Jan 2021 11:35,285,286,,,,,,
03 Jan 2021 11:40,283,285,286,,,,,
03 Jan 2021 11:45,285,283,285,286,,,,
03 Jan 2021 11:50,283,285,283,285,286,,,
03 Jan 2021 11:55,284,283,285,283,285,286,,
03 Jan 2021 12:00,287,284,283,285,283,285,286
03 Jan 2021 12:05,287,287,284,283,285,283,285
03 Jan 2021 12:10,287,287,287,284,283,285,283
03 Jan 2021 12:15,290,287,287,287,284,283,285
03 Jan 2021 12:19,288,290,287,287,287,284,,
03 Jan 2021 12:25,287,288,290,287,287,287,284
03 Jan 2021 12:30,287,287,288,290,287,287,287
03 Jan 2021 12:35,287,287,287,288,290,287,287
03 Jan 2021 12:40,286,287,287,287,288,290,287
03 Jan 2021 12:45,283,286,287,287,287,288,290
03 Jan 2021 12:50,286,283,286,287,287,287,288
03 Jan 2021 12:55,284,286,283,286,287,287,287
03 Jan 2021 13:00,284,284,286,283,286,287,287
03 Jan 2021 13:05,287,284,284,286,283,286,287
03 Jan 2021 13:10,286,287,284,284,286,283,286
03 Jan 2021 13:15,288,286,287,284,284,286,283
03 Jan 2021 13:20,286,288,286,287,284,284,286
03 Jan 2021 13:25,283,286,288,286,287,284,284
03 Jan 2021 13:30,281,283,286,288,286,287,284
03 Jan 2021 13:35,283,281,283,286,288,286,287
03 Jan 2021 13:40,281,283,281,283,286,288,286
03 Jan 2021 13:45,280,281,283,281,283,286,288
03 Jan 2021 13:50,277,280,281,283,281,283,286
03 Jan 2021 13:55,277,277,280,281,283,281,283
03 Jan 2021 14:00,274,277,277,280,281,283,281
03 Jan 2021 14:05,276,274,277,277,280,281,283
03 Jan 2021 14:10,274,276,274,277,277,280,281
03 Jan 2021 14:15,271,274,276,274,277,277,280
03 Jan 2021 14:20,274,271,274,276,274,277,277
03 Jan 2021 14:24,273,274,271,274,276,274,,
03 Jan 2021 14:30,271,273,274,271,274,276,274
03 Jan 2021 14:35,270,271,273,274,271,274,276
03 Jan 2021 14:40,270,270,271,273,274,271,274
03 Jan 2021 14:45,272,270,270,271,273,274,271
03 Jan 2021 14:50,270,272,270,270,271,273,274
03 Jan 2021 14:55,270,270,272,270,270,271,273
03 Jan 2021 15:00,269,270,270,272,270,270,271
03 Jan 2021 15:05,268,269,270,270,272,270,270
03 Jan 2021 15:10,267,268,269,270,270,272,270
03 Jan 2021 15:15,269,267,268,269,270,270,272
03 Jan 2021 15:20,267,269,267,268,269,270,270
03 Jan 2021 15:24,267,267,269,267,268,269,,
03 Jan 2021 15:30,265,267,267,269,267,268,269
03 Jan 2021 15:35,267,265,267,267,269,267,268
03 Jan 2021 15:40,267,267,265,267,267,269,267
03 Jan 2021 15:45,267,267,267,265,267,267,269
03 Jan 2021 15:50,269,267,267,267,265,267,267
03 Jan 2021 15:55,269,269,267,267,267,265,267
03 Jan 2021 16:00,268,269,269,267,267,267,265
03 Jan 2021 16:05,271,268,269,269,267,267,267
03 Jan 2021 16:09,272,271,268,269,269,267,,
03 Jan 2021 16:15,272,272,271,268,269,269,267
03 Jan 2021 16:20,271,272,272,271,268,269,269
03 Jan 2021 16:25,270,271,272,272,271,,,
03 Jan 2021 16:30,271,270,271,272,272,271,,
03 Jan 2021 16:35,273,271,270,271,272,272,271
03 Jan 2021 16:40,272,273,271,270,271,272,272
03 Jan 2021 16:45,275,272,273,271,270,271,272
03 Jan 2021 16:50,278,275,272,273,271,270,271
03 Jan 2021 16:55,279,278,275,272,273,271,270
03 Jan 2021 17:00,282,279,278,275,272,273,271
03 Jan 2021 17:05,284,282,279,278,275,272,273
03 Jan 2021 17:10,287,284,282,279,278,275,272
03 Jan 2021 17:15,289,287,284,282,279,278,275
03 Jan 2021 17:20,290,289,287,284,282,279,278
03 Jan 2021 17:24,294,290,289,287,284,282,,
03 Jan 2021 17:30,294,294,290,289,287,284,282
03 Jan 2021 17:35,294,294,294,290,289,287,284
03 Jan 2021 17:40,296,294,294,294,290,289,287
03 Jan 2021 17:45,297,296,294,294,294,290,289
03 Jan 2021 17:50,297,297,296,294,294,294,290
03 Jan 2021 17:55,299,297,297,296,294,294,294
03 Jan 2021 18:00,300,299,297,297,296,294,294
03 Jan 2021 18:05,298,300,299,297,297,296,294
03 Jan 2021 18:09,296,298,300,299,297,297,,
03 Jan 2021 18:15,296,296,298,300,299,297,297
03 Jan 2021 18:20,297,296,296,298,300,299,297
03 Jan 2021 18:25,298,297,296,296,298,300,299
03 Jan 2021 18:29,298,298,297,296,296,298,,
03 Jan 2021 18:35,296,298,298,297,296,296,298
03 Jan 2021 18:40,295,296,298,298,297,296,296
03 Jan 2021 18:45,294,295,296,298,298,297,296
03 Jan 2021 18:50,293,294,295,296,298,298,297
03 Jan 2021 18:55,293,293,294,295,296,298,298
03 Jan 2021 19:00,291,293,293,294,295,296,298
03 Jan 2021 19:05,288,291,293,293,294,295,296
03 Jan 2021 19:10,287,288,291,293,293,294,295
03 Jan 2021 19:15,288,287,288,291,293,293,294
03 Jan 2021 19:20,285,288,287,288,291,293,293
03 Jan 2021 19:25,285,285,288,287,288,291,293
03 Jan 2021 19:30,281,285,285,288,287,288,291
03 Jan 2021 19:35,280,281,285,285,288,287,288
03 Jan 2021 19:40,279,280,281,285,285,288,287
03 Jan 2021 19:45,278,279,280,281,285,285,288
03 Jan 2021 19:50,278,278,279,280,281,285,285
03 Jan 2021 19:55,274,278,278,279,280,281,285
03 Jan 2021 20:00,274,274,278,278,279,280,281
03 Jan 2021 20:05,270,274,274,278,278,279,280
03 Jan 2021 20:10,270,270,274,274,278,278,279
03 Jan 2021 20:15,269,270,270,274,274,278,278
03 Jan 2021 20:20,272,269,270,270,274,274,278
03 Jan 2021 20:24,268,272,269,270,270,274,,
03 Jan 2021 20:30,267,268,272,269,270,270,274
03 Jan 2021 20:35,266,267,268,272,269,270,270
03 Jan 2021 20:40,267,266,267,268,272,269,270
03 Jan 2021 20:45,266,267,266,267,268,272,269
03 Jan 2021 20:50,267,266,267,266,267,268,272
03 Jan 2021 20:55,269,267,266,267,266,267,268
03 Jan 2021 21:00,271,269,267,266,267,266,267
03 Jan 2021 21:05,274,271,269,267,266,267,266
03 Jan 2021 21:10,274,274,271,269,267,266,267
03 Jan 2021 21:15,276,274,274,271,269,267,266
03 Jan 2021 21:20,276,276,274,274,271,269,267
03 Jan 2021 21:25,274,276,276,274,274,271,269
03 Jan 2021 21:30,273,274,276,276,274,274,271
03 Jan 2021 21:35,272,273,274,276,276,274,274
03 Jan 2021 21:40,270,272,273,274,276,276,274
03 Jan 2021 21:45,272,270,272,273,274,276,276
03 Jan 2021 21:50,269,272,270,272,273,274,276
03 Jan 2021 21:55,265,269,272,270,272,273,274
03 Jan 2021 22:00,265,265,269,272,270,272,273
03 Jan 2021 22:05,264,265,265,269,272,270,272
03 Jan 2021 22:09,262,264,265,265,269,272,,
03 Jan 2021 22:15,260,262,264,265,265,269,272
03 Jan 2021 22:20,257,260,262,264,265,265,269
03 Jan 2021 22:24,256,257,260,262,264,265,,
03 Jan 2021 22:30,251,256,257,260,262,264,265
03 Jan 2021 22:35,250,251,256,257,260,262,264
03 Jan 2021 22:40,247,250,251,256,257,260,262
03 Jan 2021 22:45,244,247,250,251,256,257,260
03 Jan 2021 22:50,241,244,247,250,251,256,257
03 Jan 2021 22:55,240,241,244,247,250,251,256
03 Jan 2021 23:00,237,240,241,244,247,250,251
03 Jan 2021 23:05,242,237,240,241,244,247,250
03 Jan 2021 23:10,240,242,237,240,241,244,247
03 Jan 2021 23:15,237,240,242,237,240,241,244
03 Jan 2021 23:20,235,237,240,242,237,240,241
03 Jan 2021 23:25,236,235,237,240,242,237,240
03 Jan 2021 23:30,231,236,235,237,240,242,237
03 Jan 2021 23:35,226,231,236,235,237,240,242
03 Jan 2021 23:40,225,226,231,236,235,237,240
03 Jan 2021 23:45,222,225,226,231,236,235,237
03 Jan 2021 23:50,220,222,225,226,231,236,235
03 Jan 2021 23:55,216,220,222,225,226,231,236
04 Jan 2021 00:00,214,216,220,222,225,226,231
04 Jan 2021 00:05,212,214,216,220,222,225,226
04 Jan 2021 00:10,209,212,214,216,220,222,225
04 Jan 2021 00:15,206,209,212,214,216,220,222
04 Jan 2021 00:20,203,206,209,212,214,216,220
04 Jan 2021 00:24,201,203,206,209,212,214,,
04 Jan 2021 00:30,201,201,203,206,209,212,214
04 Jan 2021 00:35,198,201,201,203,206,209,212
04 Jan 2021 00:40,198,198,201,201,203,206,209
04 Jan 2021 00:45,197,198,198,201,201,203,206
04 Jan 2021 00:50,192,197,198,198,201,201,203
04 Jan 2021 00:55,192,192,197,198,198,201,201
04 Jan 2021 01:00,191,192,192,197,198,198,201
04 Jan 2021 01:05,191,191,192,192,197,198,198
04 Jan 2021 01:10,189,191,191,192,192,197,198
04 Jan 2021 01:15,186,189,191,191,192,192,197
04 Jan 2021 01:20,186,186,189,191,191,192,192
04 Jan 2021 01:24,183,186,186,189,191,191,,
04 Jan 2021 01:30,185,183,186,186,189,191,191
04 Jan 2021 01:35,185,185,183,186,186,189,191
04 Jan 2021 01:40,182,185,185,183,186,186,189
04 Jan 2021 01:45,182,182,185,185,183,186,186
04 Jan 2021 01:50,182,182,182,185,185,183,186
04 Jan 2021 01:55,181,182,182,182,185,185,183
04 Jan 2021 02:00,179,181,182,182,182,185,185
04 Jan 2021 02:05,177,179,181,182,182,182,185
04 Jan 2021 02:10,179,177,179,181,182,182,182
04 Jan 2021 02:15,177,179,177,179,181,182,182
04 Jan 2021 02:20,177,177,179,177,179,181,182
04 Jan 2021 02:25,176,177,177,179,177,179,181
04 Jan 2021 02:29,175,176,177,177,179,177,,
04 Jan 2021 02:35,175,175,176,177,177,179,177
04 Jan 2021 02:40,173,175,175,176,177,177,179
04 Jan 2021 02:45,172,173,175,175,176,177,177
04 Jan 2021 02:50,172,172,173,175,175,176,177
04 Jan 2021 02:55,175,172,172,173,175,175,176
04 Jan 2021 03:00,174,175,172,172,173,175,175
04 Jan 2021 03:05,174,174,175,172,172,173,175
04 Jan 2021 03:10,174,174,174,175,172,172,173
04 Jan 2021 03:15,173,174,174,174,175,172,172
04 Jan 2021 03:20,173,173,174,174,174,175,172
04 Jan 2021 03:25,172,173,173,174,174,174,175
04 Jan 2021 03:30,173,172,173,173,174,174,174
04 Jan 2021 03:35,170,173,172,173,173,174,174
04 Jan 2021 03:40,171,170,173,172,173,173,174
04 Jan 2021 03:45,171,171,170,173,172,173,173
04 Jan 2021 03:50,174,171,171,170,173,172,173
04 Jan 2021 03:55,173,174,171,171,170,173,172
04 Jan 2021 04:00,172,173,174,171,171,170,173
04 Jan 2021 04:05,173,172,173,174,171,171,170
04 Jan 2021 04:10,175,173,172,173,174,171,171
04 Jan 2021 04:15,173,175,173,172,173,174,171
04 Jan 2021 04:19,172,173,175,173,172,173,,
04 Jan 2021 04:25,173,172,173,175,173,172,173
04 Jan 2021 04:30,174,173,172,173,175,173,172
04 Jan 2021 04:35,174,174,173,172,173,175,173
04 Jan 2021 04:39,173,174,174,173,172,173,,
04 Jan 2021 04:45,174,173,174,174,173,172,173
04 Jan 2021 04:50,176,174,173,174,174,173,172
04 Jan 2021 04:55,175,176,174,173,174,174,173
04 Jan 2021 05:00,177,175,176,174,173,174,174
04 Jan 2021 05:05,178,177,175,176,174,173,174
04 Jan 2021 05:10,179,178,177,175,176,174,173
04 Jan 2021 05:15,180,179,178,177,175,176,174
04 Jan 2021 05:20,181,180,179,178,177,175,176
04 Jan 2021 05:25,181,181,180,179,178,177,175
04 Jan 2021 05:30,183,181,181,180,179,178,177
04 Jan 2021 05:35,183,183,181,181,180,179,178
04 Jan 2021 05:40,184,183,183,181,181,180,179
04 Jan 2021 05:45,186,184,183,183,181,181,180
04 Jan 2021 05:50,186,186,184,183,183,181,181
04 Jan 2021 05:55,187,186,186,184,183,183,181
04 Jan 2021 06:00,188,187,186,186,184,183,183
04 Jan 2021 06:05,191,188,187,186,186,184,183
04 Jan 2021 06:10,191,191,188,187,186,186,184
04 Jan 2021 06:15,194,191,191,188,187,186,186
04 Jan 2021 06:20,196,194,191,191,188,187,186
04 Jan 2021 06:25,197,196,194,191,191,188,187
04 Jan 2021 06:30,198,197,196,194,191,191,188
04 Jan 2021 06:35,201,198,197,196,194,191,191
04 Jan 2021 06:40,204,201,198,197,196,194,191
04 Jan 2021 06:44,203,204,201,198,197,196,,
04 Jan 2021 06:50,208,203,204,201,198,197,196
04 Jan 2021 06:55,209,208,203,204,201,198,197
04 Jan 2021 07:00,211,209,208,203,204,201,198
04 Jan 2021 07:05,211,211,209,208,203,204,201
04 Jan 2021 07:10,216,211,211,209,208,203,204
04 Jan 2021 07:15,218,216,211,211,209,208,203
04 Jan 2021 07:20,218,218,216,211,211,209,208
04 Jan 2021 07:25,223,218,218,216,211,211,209
04 Jan 2021 07:30,223,223,218,218,216,211,211
04 Jan 2021 07:35,227,223,223,218,218,216,211
04 Jan 2021 07:40,232,227,223,223,218,218,216
04 Jan 2021 07:45,234,232,227,223,223,218,218
04 Jan 2021 07:50,235,234,232,227,223,223,218
04 Jan 2021 07:55,237,235,234,232,227,223,223
04 Jan 2021 08:00,242,237,235,234,232,227,223
04 Jan 2021 08:05,243,242,237,235,234,232,227
04 Jan 2021 08:10,247,243,242,237,235,234,232
04 Jan 2021 08:15,249,247,243,242,237,235,234
04 Jan 2021 08:20,252,249,247,243,242,237,235
04 Jan 2021 08:25,255,252,249,247,243,242,237
04 Jan 2021 08:29,258,255,252,249,247,243,,
04 Jan 2021 08:35,261,258,255,252,249,247,243
04 Jan 2021 08:40,264,261,258,255,252,249,247
04 Jan 2021 08:45,268,264,261,258,255,252,249
04 Jan 2021 08:49,267,268,264,261,258,255,,
04 Jan 2021 08:55,269,267,268,264,261,258,255
04 Jan 2021 09:00,273,269,267,268,264,261,258
04 Jan 2021 09:05,275,273,269,267,268,264,261
04 Jan 2021 09:10,278,275,273,269,267,268,264
04 Jan 2021 09:15,281,278,275,273,269,267,268
04 Jan 2021 09:20,281,281,278,275,273,269,267
04 Jan 2021 09:25,283,281,281,278,275,273,269
04 Jan 2021 09:30,284,283,281,281,278,275,273
04 Jan 2021 09:35,284,284,283,281,281,278,275
04 Jan 2021 09:40,289,284,284,283,281,281,278
04 Jan 2021 09:45,289,289,284,284,283,281,281
04 Jan 2021 09:50,288,289,289,284,284,283,281
04 Jan 2021 09:55,292,288,289,289,284,284,283
04 Jan 2021 10:00,289,292,288,289,289,284,284
04 Jan 2021 10:05,294,289,292,288,289,289,284
04 Jan 2021 10:10,292,294,289,292,288,289,289
04 Jan 2021 10:15,294,292,294,289,292,288,289
04 Jan 2021 10:20,294,294,292,294,289,292,288
04 Jan 2021 10:25,293,294,294,292,294,289,292
04 Jan 2021 10:30,293,293,294,294,292,294,289
04 Jan 2021 10:35,293,293,293,294,294,292,294
04 Jan 2021 10:40,295,293,293,293,294,294,292
04 Jan 2021 10:45,295,295,293,293,293,294,294
04 Jan 2021 10:50,295,295,295,293,293,293,294
04 Jan 2021 10:54,294,295,295,295,293,293,,
04 Jan 2021 11:00,295,294,295,295,295,293,293
04 Jan 2021 11:05,293,295,294,295,295,295,293
04 Jan 2021 11:10,293,293,295,294,295,295,295
04 Jan 2021 11:15,296,293,293,295,294,295,295
04 Jan 2021 11:20,293,296,293,293,295,294,295
04 Jan 2021 11:25,293,293,296,293,293,295,294
04 Jan 2021 11:30,294,293,293,296,293,293,295
04 Jan 2021 11:35,294,294,293,293,296,293,293
04 Jan 2021 11:40,292,294,294,293,293,296,293
04 Jan 2021 11:45,294,292,294,294,293,293,296
04 Jan 2021 11:50,293,294,292,294,294,293,293
04 Jan 2021 11:54,293,293,294,292,294,294,,
04 Jan 2021 12:00,293,293,293,294,292,294,294
04 Jan 2021 12:05,293,293,293,293,294,292,294
04 Jan 2021 12:10,292,293,293,293,293,294,292
04 Jan 2021 12:15,292,292,293,293,293,293,294
04 Jan 2021 12:20,292,292,292,293,293,293,293
04 Jan 2021 12:25,293,292,292,292,293,293,293
04 Jan 2021 12:30,291,293,292,292,292,293,293
04 Jan 2021 12:35,290,291,293,292,292,292,293
04 Jan 2021 12:40,289,290,291,293,292,292,292
04 Jan 2021 12:45,288,289,290,291,293,292,292
04 Jan 2021 12:50,285,288,289,290,291,293,292
04 Jan 2021 12:55,284,285,288,289,290,291,293
04 Jan 2021 12:59,285,284,285,288,289,290,,
04 Jan 2021 13:05,289,285,284,285,288,289,290
04 Jan 2021 13:10,287,289,285,284,285,288,289
04 Jan 2021 13:15,286,287,289,285,284,285,288
04 Jan 2021 13:20,287,286,287,289,285,284,285
04 Jan 2021 13:25,282,287,286,287,289,285,284
04 Jan 2021 13:30,280,282,287,286,287,289,285
04 Jan 2021 13:35,281,280,282,287,286,287,289
04 Jan 2021 13:40,283,281,280,282,287,286,287
04 Jan 2021 13:45,280,283,281,280,282,287,286
04 Jan 2021 13:50,275,280,283,281,280,282,287
04 Jan 2021 13:55,277,275,280,283,281,280,282
04 Jan 2021 14:00,275,277,275,280,283,281,280
04 Jan 2021 14:05,277,275,277,275,280,283,281
04 Jan 2021 14:10,278,277,275,277,275,280,283
04 Jan 2021 14:15,276,278,277,275,277,275,280
04 Jan 2021 14:20,275,276,278,277,275,277,275
04 Jan 2021 14:25,273,275,276,278,277,275,277
04 Jan 2021 14:30,274,273,275,276,278,277,275
04 Jan 2021 14:35,274,274,273,275,276,278,277
04 Jan 2021 14:40,273,274,274,273,275,276,278
04 Jan 2021 14:45,275,273,274,274,273,275,276
04 Jan 2021 14:50,274,275,273,274,274,273,275
04 Jan 2021 14:55,274,274,275,273,274,274,273
04 Jan 2021 14:59,275,274,274,275,273,274,,
04 Jan 2021 15:05,275,275,274,274,275,273,274
04 Jan 2021 15:10,275,275,275,274,274,275,273
04 Jan 2021 15:15,274,275,275,275,274,274,275
04 Jan 2021 15:20,276,274,275,275,275,274,274
04 Jan 2021 15:25,274,276,274,275,275,275,274
04 Jan 2021 15:30,273,274,276,274,275,275,275
04 Jan 2021 15:35,273,273,274,276,274,275,275
04 Jan 2021 15:40,273,273,273,274,276,274,275
04 Jan 2021 15:45,273,273,273,273,274,276,274
04 Jan 2021 15:50,275,273,273,273,273,274,276
04 Jan 2021 15:55,275,275,273,273,273,273,274
04 Jan 2021 16:00,276,275,275,273,273,273,273
04 Jan 2021 16:05,274,276,275,275,273,273,273
04 Jan 2021 16:10,275,274,276,275,275,273,273
04 Jan 2021 16:15,278,275,274,276,275,275,273
04 Jan 2021 16:20,279,278,275,274,276,275,275
04 Jan 2021 16:25,280,279,278,275,274,276,275
04 Jan 2021 16:30,280,280,279,278,275,274,276
04 Jan 2021 16:35,283,280,280,279,278,275,274
04 Jan 2021 16:40,285,283,280,280,279,278,275
04 Jan 2021 16:45,283,285,283,280,280,279,278
04 Jan 2021 16:50,287,283,285,283,280,280,279
04 Jan 2021 16:55,289,287,283,285,283,280,280
04 Jan 2021 17:00,287,289,287,283,285,283,280
04 Jan 2021 17:04,290,287,289,287,283,285,,
04 Jan 2021 17:10,292,290,287,289,287,283,285
04 Jan 2021 17:15,291,292,290,287,289,287,283
04 Jan 2021 17:20,292,291,292,290,287,289,287
04 Jan 2021 17:25,295,292,291,292,290,287,289
04 Jan 2021 17:30,297,295,292,291,292,290,287
04 Jan 2021 17:35,298,297,295,292,291,292,290
04 Jan 2021 17:40,300,298,297,295,292,291,292
04 Jan 2021 17:45,301,300,298,297,295,292,291
04 Jan 2021 17:50,304,301,300,298,297,295,292
04 Jan 2021 17:55,303,304,301,300,298,297,295
04 Jan 2021 18:00,301,303,304,301,300,298,297
04 Jan 2021 18:05,301,301,303,304,301,300,298
04 Jan 2021 18:10,300,301,301,303,304,301,300
04 Jan 2021 18:15,300,300,301,301,303,304,301
04 Jan 2021 18:20,300,300,300,301,301,303,304
04 Jan 2021 18:25,301,300,300,300,301,301,303
04 Jan 2021 18:30,300,301,300,300,300,301,301
04 Jan 2021 18:35,302,300,301,300,300,300,301
04 Jan 2021 18:40,300,302,300,301,300,300,300
04 Jan 2021 18:45,302,300,302,300,301,300,300
04 Jan 2021 18:50,300,302,300,302,300,301,300
04 Jan 2021 18:55,299,300,302,300,302,300,301
04 Jan 2021 19:00,298,299,300,302,300,302,300
04 Jan 2021 19:04,296,298,299,300,302,300,,
04 Jan 2021 19:10,294,296,298,299,300,302,300
04 Jan 2021 19:15,294,294,296,298,299,300,302
04 Jan 2021 19:20,293,294,294,296,298,299,300
04 Jan 2021 19:25,290,293,294,294,296,298,299
04 Jan 2021 19:30,288,290,293,294,294,296,298
04 Jan 2021 19:35,287,288,290,293,294,294,296
04 Jan 2021 19:40,288,287,288,290,293,294,294
04 Jan 2021 19:45,286,288,287,288,290,293,294
04 Jan 2021 19:50,285,286,288,287,288,290,293
04 Jan 2021 19:55,283,285,286,288,287,288,290
04 Jan 2021 20:00,283,283,285,286,288,287,288
04 Jan 2021 20:04,283,283,283,285,286,288,,
04 Jan 2021 20:10,281,283,283,283,285,286,288
04 Jan 2021 20:15,280,281,283,283,283,285,286
04 Jan 2021 20:20,279,280,281,283,283,283,285
04 Jan 2021 20:25,278,279,280,281,283,283,283
04 Jan 2021 20:30,278,278,279,280,281,283,283
04 Jan 2021 20:35,277,278,278,279,280,281,283
04 Jan 2021 20:40,278,277,278,278,279,280,281
04 Jan 2021 20:45,278,278,277,278,278,279,280
04 Jan 2021 20:50,280,278,278,277,278,278,279
04 Jan 2021 20:55,280,280,278,278,277,278,278
04 Jan 2021 21:00,283,280,280,278,278,277,278
04 Jan 2021 21:04,284,283,280,280,278,278,,
04 Jan 2021 21:10,288,284,283,280,280,278,278
04 Jan 2021 21:15,288,288,284,283,280,280,278
04 Jan 2021 21:20,288,288,288,284,283,280,280
04 Jan 2021 21:25,289,288,288,288,284,283,280
04 Jan 2021 21:30,288,289,288,288,288,284,283
04 Jan 2021 21:35,286,288,289,288,288,288,284
04 Jan 2021 21:40,284,286,288,289,288,288,288
04 Jan 2021 21:45,282,284,286,288,289,288,288
04 Jan 2021 21:50,282,282,284,286,288,289,288
04 Jan 2021 21:55,280,282,282,284,286,288,289
04 Jan 2021 22:00,276,280,282,282,284,286,288
04 Jan 2021 22:05,275,276,280,282,282,284,286
04 Jan 2021 22:10,272,275,276,280,282,282,284
04 Jan 2021 22:15,269,272,275,276,280,282,282
04 Jan 2021 22:20,265,269,272,275,276,280,282
04 Jan 2021 22:25,261,265,269,272,275,276,280
04 Jan 2021 22:30,260,261,265,269,272,275,276
04 Jan 2021 22:35,256,260,261,265,269,272,275
04 Jan 2021 22:40,252,256,260,261,265,269,272
04 Jan 2021 22:45,253,252,256,260,261,265,269
04 Jan 2021 22:49,249,253,252,256,260,261,,
04 Jan 2021 22:55,247,249,253,252,256,260,261
04 Jan 2021 23:00,244,247,249,253,252,256,260
04 Jan 2021 23:05,249,244,247,249,253,252,256
04 Jan 2021 23:09,246,249,244,247,249,253,,
04 Jan 2021 23:15,244,246,249,244,247,249,253
04 Jan 2021 23:20,240,244,246,249,244,247,249
04 Jan 2021 23:25,237,240,244,246,249,244,247
04 Jan 2021 23:30,234,237,240,244,246,249,244
04 Jan 2021 23:35,230,234,237,240,244,246,249
04 Jan 2021 23:40,227,230,234,237,240,244,246
04 Jan 2021 23:45,224,227,230,234,237,240,244
04 Jan 2021 23:50,222,224,227,230,234,237,240
04 Jan 2021 23:55,220,222,224,227,230,234,237
05 Jan 2021 00:00,216,220,222,224,227,230,234
05 Jan 2021 00:05,214,216,220,222,224,227,230
05 Jan 2021 00:10,212,214,216,220,222,224,227
05 Jan 2021 00:15,210,212,214,216,220,222,224
05 Jan 2021 00:20,207,210,212,214,216,220,222
05 Jan 2021 00:25,205,207,210,212,214,216,220
05 Jan 2021 00:30,203,205,207,210,212,214,216
05 Jan 2021 00:35,201,203,205,207,210,212,214
05 Jan 2021 00:40,199,201,203,205,207,210,212
05 Jan 2021 00:45,198,199,201,203,205,207,210
05 Jan 2021 00:50,196,198,199,201,203,205,207
05 Jan 2021 00:55,194,196,198,199,201,203,205
05 Jan 2021 01:00,193,194,196,198,199,201,203
05 Jan 2021 01:05,194,193,194,196,198,199,201
05 Jan 2021 01:10,193,194,193,194,196,198,199
05 Jan 2021 01:14,193,193,194,193,194,196,,
05 Jan 2021 01:20,190,193,193,194,193,194,196
05 Jan 2021 01:25,189,190,193,193,194,193,194
05 Jan 2021 01:30,189,189,190,193,193,194,193
05 Jan 2021 01:35,188,189,189,190,193,193,194
05 Jan 2021 01:40,187,188,189,189,190,193,193
05 Jan 2021 01:45,186,187,188,189,189,190,193
05 Jan 2021 01:50,186,186,187,188,189,189,190
05 Jan 2021 01:55,184,186,186,187,188,189,189
05 Jan 2021 02:00,184,184,186,186,187,188,189
05 Jan 2021 02:05,183,184,184,186,186,187,188
05 Jan 2021 02:10,182,183,184,184,186,186,187
05 Jan 2021 02:15,183,182,183,184,184,186,186
05 Jan 2021 02:20,182,183,182,183,184,184,186
05 Jan 2021 02:25,183,182,183,182,183,184,184
05 Jan 2021 02:30,183,183,182,183,182,183,184
05 Jan 2021 02:35,181,183,183,182,183,182,183
05 Jan 2021 02:40,179,181,183,183,182,183,182
05 Jan 2021 02:45,179,179,181,183,183,182,183
05 Jan 2021 02:50,181,179,179,181,183,183,182
05 Jan 2021 02:55,180,181,179,179,181,183,183
05 Jan 2021 02:59,179,180,181,179,179,181,,
05 Jan 2021 03:05,178,179,180,181,179,179,181
05 Jan 2021 03:10,178,178,179,180,181,179,179
05 Jan 2021 03:15,179,178,178,179,180,181,179
05 Jan 2021 03:19,179,179,178,178,179,180,,
05 Jan 2021 03:25,178,179,179,178,178,179,180
05 Jan 2021 03:30,178,178,179,179,178,178,179
05 Jan 2021 03:35,177,178,178,179,179,178,178
05 Jan 2021 03:40,179,177,178,178,179,179,178
05 Jan 2021 03:45,178,179,177,178,178,179,179
05 Jan 2021 03:50,177,178,179,177,178,178,179
05 Jan 2021 03:55,175,177,178,179,177,178,178
05 Jan 2021 04:00,178,175,177,178,179,177,178
05 Jan 2021 04:05,178,178,175,177,178,179,177
05 Jan 2021 04:10,178,178,178,175,177,178,179
05 Jan 2021 04:15,179,178,178,178,175,177,178
05 Jan 2021 04:20,178,179,178,178,178,175,177
05 Jan 2021 04:25,179,178,179,178,178,178,175
05 Jan 2021 04:30,179,179,178,179,178,178,178
05 Jan 2021 04:35,179,179,179,178,179,178,178
05 Jan 2021 04:40,180,179,179,179,178,179,178
05 Jan 2021 04:45,181,180,179,179,179,178,179
05 Jan 2021 04:50,180,181,180,179,179,179,178
05 Jan 2021 04:55,182,180,181,180,179,179,179
05 Jan 2021 05:00,184,182,180,181,180,179,179
05 Jan 2021 05:05,187,184,182,180,181,180,179
05 Jan 2021 05:10,189,187,184,182,180,181,180
05 Jan 2021 05:15,192,189,187,184,182,180,181
05 Jan 2021 05:19,192,192,189,187,184,182,,
05 Jan 2021 05:25,192,192,192,189,187,184,182
05 Jan 2021 05:30,194,192,192,192,189,187,184
05 Jan 2021 05:35,199,194,192,192,192,189,187
05 Jan 2021 05:40,199,199,194,192,192,192,189
05 Jan 2021 05:45,200,199,199,194,192,192,192
05 Jan 2021 05:50,203,200,199,199,194,192,192
05 Jan 2021 05:55,204,203,200,199,199,194,192
05 Jan 2021 06:00,206,204,203,200,199,199,194
05 Jan 2021 06:05,211,206,204,203,200,199,199
05 Jan 2021 06:10,215,211,206,204,203,200,199
05 Jan 2021 06:15,217,215,211,206,204,203,200
05 Jan 2021 06:20,220,217,215,211,206,204,203
05 Jan 2021 06:25,223,220,217,215,211,206,204
05 Jan 2021 06:30,226,223,220,217,215,211,206
05 Jan 2021 06:35,230,226,223,220,217,215,211
05 Jan 2021 06:40,233,230,226,223,220,217,215
05 Jan 2021 06:45,234,233,230,226,223,220,217
05 Jan 2021 06:50,237,234,233,230,226,223,220
05 Jan 2021 06:55,243,237,234,233,230,226,223
05 Jan 2021 07:00,245,243,237,234,233,230,226
05 Jan 2021 07:05,251,245,243,237,234,233,230
05 Jan 2021 07:10,256,251,245,243,237,234,233
05 Jan 2021 07:15,263,256,251,245,243,237,234
05 Jan 2021 07:20,265,263,256,251,245,243,237
05 Jan 2021 07:24,268,265,263,256,251,245,,
05 Jan 2021 07:30,271,268,265,263,256,251,245
05 Jan 2021 07:35,278,271,268,265,263,256,251
05 Jan 2021 07:40,280,278,271,268,265,263,256
05 Jan 2021 07:45,282,280,278,271,268,265,263
05 Jan 2021 07:50,283,282,280,278,271,268,265
05 Jan 2021 07:55,286,283,282,280,278,271,268
05 Jan 2021 08:00,289,286,283,282,280,278,271
05 Jan 2021 08:05,291,289,286,283,282,280,278
05 Jan 2021 08:10,292,291,289,286,283,282,280
05 Jan 2021 08:15,298,292,291,289,286,283,282
05 Jan 2021 08:20,299,298,292,291,289,286,283
05 Jan 2021 08:25,302,299,298,292,291,289,286
05 Jan 2021 08:30,304,302,299,298,292,291,289
05 Jan 2021 08:35,305,304,302,299,298,292,291
05 Jan 2021 08:39,308,305,304,302,299,298,,
05 Jan 2021 08:45,309,308,305,304,302,299,298
05 Jan 2021 08:50,309,309,308,305,304,302,299
05 Jan 2021 08:55,311,309,309,308,305,304,302
05 Jan 2021 09:00,311,311,309,309,308,305,304
05 Jan 2021 09:05,316,311,311,309,309,308,305
05 Jan 2021 09:10,317,316,311,311,309,309,308
05 Jan 2021 09:15,317,317,316,311,311,309,309
05 Jan 2021 09:19,319,317,317,316,311,311,,
05 Jan 2021 09:25,318,319,317,317,316,311,311
05 Jan 2021 09:30,320,318,319,317,317,316,311
05 Jan 2021 09:35,318,320,318,319,317,317,316
05 Jan 2021 09:40,322,318,320,318,319,317,317
05 Jan 2021 09:45,321,322,318,320,318,319,317
05 Jan 2021 09:50,325,321,322,318,320,318,319
05 Jan 2021 09:55,323,325,321,322,318,320,318
05 Jan 2021 10:00,325,323,325,321,322,318,320
05 Jan 2021 10:05,323,325,323,325,321,322,318
05 Jan 2021 10:10,324,323,325,323,325,321,322
05 Jan 2021 10:15,324,324,323,325,323,325,321
05 Jan 2021 10:20,322,324,324,323,325,323,325
05 Jan 2021 10:25,324,322,324,324,323,325,323
05 Jan 2021 10:30,323,324,322,324,324,323,325
05 Jan 2021 10:35,325,323,324,322,324,324,323
05 Jan 2021 10:40,322,325,323,324,322,324,324
05 Jan 2021 10:45,323,322,325,323,324,322,324
05 Jan 2021 10:50,323,323,322,325,323,324,322
05 Jan 2021 10:55,324,323,323,322,325,323,324
05 Jan 2021 11:00,323,324,323,323,322,325,323
05 Jan 2021 11:05,323,323,324,323,323,322,325
05 Jan 2021 11:10,326,323,323,324,323,323,322
05 Jan 2021 11:15,326,326,323,323,324,323,323
05 Jan 2021 11:19,324,326,326,323,323,324,,
05 Jan 2021 11:25,323,324,326,326,323,323,324
05 Jan 2021 11:30,324,323,324,326,326,323,323
05 Jan 2021 11:35,326,324,323,324,326,326,323
05 Jan 2021 11:40,325,326,324,323,324,326,326
05 Jan 2021 11:45,324,325,326,324,323,324,326
05 Jan 2021 11:50,325,324,325,326,324,323,324
05 Jan 2021 11:55,325,325,324,325,326,324,323
05 Jan 2021 12:00,326,325,325,324,325,326,324
05 Jan 2021 12:05,327,326,325,325,324,325,326
05 Jan 2021 12:10,328,327,326,325,325,324,325
05 Jan 2021 12:15,327,328,327,326,325,325,324
05 Jan 2021 12:20,327,327,328,327,326,325,325
05 Jan 2021 12:25,327,327,327,328,327,326,325
05 Jan 2021 12:30,326,327,327,327,328,327,326
05 Jan 2021 12:35,327,326,327,327,327,328,327
05 Jan 2021 12:40,325,327,326,327,327,327,328
05 Jan 2021 12:45,325,325,327,326,327,327,327
05 Jan 2021 12:50,325,325,325,327,326,327,327
05 Jan 2021 12:55,322,325,325,325,327,326,327
05 Jan 2021 13:00,322,322,325,325,325,327,326
05 Jan 2021 13:05,325,322,322,325,325,325,327
05 Jan 2021 13:10,325,325,322,322,325,325,325
05 Jan 2021 13:15,325,325,325,322,322,325,325
05 Jan 2021 13:19,322,325,325,325,322,322,,
05 Jan 2021 13:25,321,322,325,325,325,322,322
05 Jan 2021 13:30,320,321,322,325,325,325,322
05 Jan 2021 13:34,321,320,321,322,325,325,,
05 Jan 2021 13:40,318,321,320,321,322,325,325
05 Jan 2021 13:45,317,318,321,320,321,322,325
05 Jan 2021 13:50,318,317,318,321,320,321,322
05 Jan 2021 13:55,318,318,317,318,321,320,321
05 Jan 2021 14:00,314,318,318,317,318,321,320
05 Jan 2021 14:05,316,314,318,318,317,318,321
05 Jan 2021 14:10,315,316,314,318,318,317,318
05 Jan 2021 14:14,315,315,316,314,318,318,,
05 Jan 2021 14:20,313,315,315,316,314,318,318
05 Jan 2021 14:25,313,313,315,315,316,314,318
05 Jan 2021 14:30,314,313,313,315,315,316,314
05 Jan 2021 14:35,314,314,313,313,315,315,316
05 Jan 2021 14:40,314,314,314,313,313,315,315
05 Jan 2021 14:45,315,314,314,314,313,313,315
05 Jan 2021 14:50,315,315,314,314,314,313,313
05 Jan 2021 14:54,314,315,315,314,314,314,,
05 Jan 2021 15:00,313,314,315,315,314,314,314
05 Jan 2021 15:05,314,313,314,315,315,314,314
05 Jan 2021 15:10,314,314,313,314,315,315,314
05 Jan 2021 15:15,314,314,314,313,314,315,315
05 Jan 2021 15:19,313,314,314,314,313,314,,
05 Jan 2021 15:25,313,313,314,314,314,313,314
05 Jan 2021 15:30,311,313,313,314,314,314,313
05 Jan 2021 15:35,315,311,313,313,314,314,314
05 Jan 2021 15:40,316,315,311,313,313,314,314
05 Jan 2021 15:45,315,316,315,311,313,313,314
05 Jan 2021 15:50,312,315,316,315,311,313,313
05 Jan 2021 15:55,312,312,315,316,315,311,313
05 Jan 2021 16:00,313,312,312,315,316,315,311
05 Jan 2021 16:05,315,313,312,312,315,316,315
05 Jan 2021 16:10,315,315,313,312,312,315,316
05 Jan 2021 16:14,316,315,315,313,312,312,,
05 Jan 2021 16:20,316,316,315,315,313,312,312
05 Jan 2021 16:25,319,316,316,315,315,313,312
05 Jan 2021 16:30,317,319,316,316,315,315,313
05 Jan 2021 16:35,317,317,319,316,316,315,315
05 Jan 2021 16:40,319,317,317,319,316,316,315
05 Jan 2021 16:45,318,319,317,317,319,316,316
05 Jan 2021 16:50,320,318,319,317,317,319,316
05 Jan 2021 16:54,323,320,318,319,317,317,,
05 Jan 2021 17:00,321,323,320,318,319,317,317
05 Jan 2021 17:05,323,321,323,320,318,319,317
05 Jan 2021 17:10,320,323,321,323,320,318,319
05 Jan 2021 17:15,322,320,323,321,323,320,318
05 Jan 2021 17:19,321,322,320,323,321,323,,
05 Jan 2021 17:25,329,321,322,320,323,321,323
05 Jan 2021 17:30,327,329,321,322,320,323,321
05 Jan 2021 17:35,327,327,329,321,322,320,323
05 Jan 2021 17:40,329,327,327,329,321,322,320
05 Jan 2021 17:45,330,329,327,327,329,321,322
05 Jan 2021 17:50,330,330,329,327,327,329,321
05 Jan 2021 17:55,329,330,330,329,327,327,329
05 Jan 2021 18:00,327,329,330,330,329,327,327
05 Jan 2021 18:05,324,327,329,330,330,329,327
05 Jan 2021 18:10,319,324,327,329,330,330,329
05 Jan 2021 18:14,317,319,324,327,329,330,,
05 Jan 2021 18:20,322,317,319,324,327,329,330
05 Jan 2021 18:25,318,322,317,319,324,327,329
05 Jan 2021 18:30,317,318,322,317,319,324,327
05 Jan 2021 18:35,318,317,318,322,317,319,324
05 Jan 2021 18:40,319,318,317,318,322,317,319
05 Jan 2021 18:45,319,319,318,317,318,322,317
05 Jan 2021 18:50,319,319,319,318,317,318,322
05 Jan 2021 18:55,315,319,319,319,318,317,318
05 Jan 2021 19:00,314,315,319,319,319,318,317
05 Jan 2021 19:05,314,314,315,319,319,319,318
05 Jan 2021 19:10,310,314,314,315,319,319,319
05 Jan 2021 19:15,310,310,314,314,315,319,319
05 Jan 2021 19:19,308,310,310,314,314,315,,
05 Jan 2021 19:25,305,308,310,310,314,314,315
05 Jan 2021 19:30,305,305,308,310,310,314,314
05 Jan 2021 19:35,305,305,305,308,310,310,314
05 Jan 2021 19:40,303,305,305,305,308,310,310
05 Jan 2021 19:45,304,303,305,305,305,308,310
05 Jan 2021 19:50,303,304,303,305,305,305,308
05 Jan 2021 19:55,299,303,304,303,305,305,305
05 Jan 2021 20:00,298,299,303,304,303,305,305
05 Jan 2021 20:05,297,298,299,303,304,303,305
05 Jan 2021 20:10,296,297,298,299,303,304,303
05 Jan 2021 20:15,294,296,297,298,299,303,304
05 Jan 2021 20:20,294,294,296,297,298,299,303
05 Jan 2021 20:25,293,294,294,296,297,298,299
05 Jan 2021 20:30,294,293,294,294,296,297,298
05 Jan 2021 20:35,292,294,293,294,294,296,297
05 Jan 2021 20:39,296,292,294,293,294,294,,
05 Jan 2021 20:45,296,296,292,294,293,294,294
05 Jan 2021 20:50,295,296,296,292,294,293,294
05 Jan 2021 20:55,296,295,296,296,292,294,293
05 Jan 2021 21:00,296,296,295,296,296,292,294
05 Jan 2021 21:05,299,296,296,295,296,296,292
05 Jan 2021 21:09,298,299,296,296,295,296,,
05 Jan 2021 21:15,299,298,299,296,296,295,296
05 Jan 2021 21:20,298,299,298,299,296,296,295
05 Jan 2021 21:25,296,298,299,298,299,296,296
05 Jan 2021 21:30,293,296,298,299,298,299,296
05 Jan 2021 21:35,291,293,296,298,299,298,299
05 Jan 2021 21:40,289,291,293,296,298,299,298
05 Jan 2021 21:45,289,289,291,293,296,298,299
05 Jan 2021 21:50,286,289,289,291,293,296,298
05 Jan 2021 21:55,282,286,289,289,291,293,296
05 Jan 2021 22:00,279,282,286,289,289,291,293
05 Jan 2021 22:05,275,279,282,286,289,289,291
05 Jan 2021 22:10,271,275,279,282,286,289,289
05 Jan 2021 22:15,270,271,275,279,282,286,289
05 Jan 2021 22:20,264,270,271,275,279,282,286
05 Jan 2021 22:25,263,264,270,271,275,279,282
05 Jan 2021 22:30,261,263,264,270,271,275,279
05 Jan 2021 22:35,258,261,263,264,270,271,275
05 Jan 2021 22:40,256,258,261,263,264,270,271
05 Jan 2021 22:45,255,256,258,261,263,264,270
05 Jan 2021 22:49,251,255,256,258,261,263,,
05 Jan 2021 22:55,246,251,255,256,258,261,263
05 Jan 2021 23:00,243,246,251,255,256,258,261
05 Jan 2021 23:04,250,243,246,251,255,256,,
05 Jan 2021 23:10,249,250,243,246,251,255,256
05 Jan 2021 23:15,244,249,250,243,246,251,255
05 Jan 2021 23:20,240,244,249,250,243,246,251
05 Jan 2021 23:25,240,240,244,249,250,243,246
05 Jan 2021 23:30,237,240,240,244,249,250,243
05 Jan 2021 23:35,231,237,240,240,244,249,250
05 Jan 2021 23:40,228,231,237,240,240,244,249
05 Jan 2021 23:45,227,228,231,237,240,240,244
05 Jan 2021 23:50,224,227,228,231,237,240,240
05 Jan 2021 23:55,222,224,227,228,231,237,240
06 Jan 2021 00:00,217,222,224,227,228,231,237
06 Jan 2021 00:04,213,217,222,224,227,228,,
06 Jan 2021 00:10,213,213,217,222,224,227,228
06 Jan 2021 00:15,211,213,213,217,222,224,227
06 Jan 2021 00:20,209,211,213,213,217,222,224
06 Jan 2021 00:25,208,209,211,213,213,217,222
06 Jan 2021 00:30,203,208,209,211,213,213,217
06 Jan 2021 00:35,203,203,208,209,211,213,213
06 Jan 2021 00:40,201,203,203,208,209,211,213
06 Jan 2021 00:45,199,201,203,203,208,209,211
06 Jan 2021 00:50,198,199,201,203,203,208,209
06 Jan 2021 00:55,194,198,199,201,203,203,208
06 Jan 2021 01:00,195,194,198,199,201,203,203
06 Jan 2021 01:05,194,195,194,198,199,201,203
06 Jan 2021 01:09,193,194,195,194,198,199,,
06 Jan 2021 01:15,193,193,194,195,194,198,199
06 Jan 2021 01:20,191,193,193,194,195,194,198
06 Jan 2021 01:25,190,191,193,193,194,195,194
06 Jan 2021 01:30,190,190,191,193,193,194,195
06 Jan 2021 01:35,189,190,190,191,193,193,194
06 Jan 2021 01:40,190,189,190,190,191,193,193
06 Jan 2021 01:45,188,190,189,190,190,191,193
06 Jan 2021 01:50,188,188,190,189,190,190,191
06 Jan 2021 01:55,187,188,188,190,189,190,190
06 Jan 2021 02:00,183,187,188,188,190,189,190
06 Jan 2021 02:05,185,183,187,188,188,190,189
06 Jan 2021 02:10,182,185,183,187,188,188,190
06 Jan 2021 02:15,184,182,185,183,187,188,188
06 Jan 2021 02:20,185,184,182,185,183,187,188
06 Jan 2021 02:25,182,185,184,182,185,183,187
06 Jan 2021 02:30,182,182,185,184,182,185,183
06 Jan 2021 02:35,183,182,182,185,184,182,185
06 Jan 2021 02:40,182,183,182,182,185,184,182
06 Jan 2021 02:45,181,182,183,182,182,185,184
06 Jan 2021 02:50,182,181,182,183,182,182,185
06 Jan 2021 02:55,182,182,181,182,183,182,182
06 Jan 2021 03:00,182,182,182,181,182,183,182
06 Jan 2021 03:05,181,182,182,182,181,182,183
06 Jan 2021 03:10,182,181,182,182,182,181,182
06 Jan 2021 03:14,181,182,181,182,182,182,,
06 Jan 2021 03:20,179,181,182,181,182,182,182
06 Jan 2021 03:25,183,179,181,182,181,182,182
06 Jan 2021 03:30,180,183,179,181,182,181,182
06 Jan 2021 03:35,182,180,183,179,181,182,181
06 Jan 2021 03:40,182,182,180,183,179,181,182
06 Jan 2021 03:45,181,182,182,180,183,179,181
06 Jan 2021 03:50,182,181,182,182,180,183,179
06 Jan 2021 03:55,182,182,181,182,182,180,183
06 Jan 2021 04:00,184,182,182,181,182,182,180
06 Jan 2021 04:05,185,184,182,182,181,182,182
06 Jan 2021 04:10,183,185,184,182,182,181,182
06 Jan 2021 04:15,186,183,185,184,182,182,181
,,,,,,,
,,,,,,,
,,,,,,,
,,,,,,,
,,,,,,,
,,,,,,,
,,,,,,,
,,,,,,,
,,,,,,,
,,,,,,,
,,,,,,,
,,,,,,,
,,,,,,,
,,,,,,,
,,,,,,,
,,,,,,,
,,,,,,,
,,,,,,,
,,,,,,,
,,,,,,,
,,,,,,,
,,,,,,,
,,,,,,,
,,,,,,,
,,,,,,,
,,,,,,,
,,,,,,,
,,,,,,,
,,,,,,,
,,,,,,,
,,,,,,,
,,,,,,,
,,,,,,,
,,,,,,,
,,,,,,,
,,,,,,,
,,,,,,,
,,,,,,,
,,,,,,,
,,,,,,,
,,,,,,,
,,,,,,,
,,,,,,,
,,,,,,,
,,,,,,,
,,,,,,,
,,,,,,,
,,,,,,,
,,,,,,,
,,,,,,,
,,,,,,,
,,,,,,,
,,,,,,,
,,,,,,,
,,,,,,,
,,,,,,,
,,,,,,,
,,,,,,,
,,,,,,,
,,,,,,,
,,,,,,,
,,,,,,,
,,,,,,,
,,,,,,,
,,,,,,,
,,,,,,,
,,,,,,,
,,,,,,,
,,,,,,,
,,,,,,,
,,,,,,,
,,,,,,,
,,,,,,,
,,,,,,,
,,,,,,,
,,,,,,,
,,,,,,,
,,,,,,,
,,,,,,,
,,,,,,,
,,,,,,,
,,,,,,,
,,,,,,,
,,,,,,,
,,,,,,,
,,,,,,,
,,,,,,,
,,,,,,,
,,,,,,,
,,,,,,,
,,,,,,,
,,,,,,,
,,,,,,,
,,,,,,,
,,,,,,,
,,,,,,,
,,,,,,,
,,,,,,,
,,,,,,,
,,,,,,,
,,,,,,,
06 Jan 2021 04:20,334,,,,,,,
06 Jan 2021 04:25,336,334,,,,,,
06 Jan 2021 04:30,334,336,334,,,,,
06 Jan 2021 04:35,335,334,336,334,,,,
06 Jan 2021 04:40,332,335,334,336,334,,,
06 Jan 2021 04:45,342,332,335,334,336,334,,
06 Jan 2021 13:10,338,342,332,335,334,336,334
06 Jan 2021 13:15,338,338,342,332,335,334,336
06 Jan 2021 13:20,338,338,338,342,332,335,334
06 Jan 2021 13:25,337,338,338,338,342,332,335
06 Jan 2021 13:30,336,337,338,338,338,342,332
06 Jan 2021 13:35,334,336,337,338,338,338,342
06 Jan 2021 13:40,334,334,336,337,338,338,338
06 Jan 2021 13:45,336,334,334,336,337,338,338
06 Jan 2021 13:50,332,336,334,334,336,337,338
06 Jan 2021 13:55,331,332,336,334,334,336,337
06 Jan 2021 14:00,332,331,332,336,334,334,336
06 Jan 2021 14:05,332,332,331,332,336,334,334
06 Jan 2021 14:10,329,332,332,331,332,336,334
06 Jan 2021 14:15,330,329,332,332,331,332,336
06 Jan 2021 14:20,329,330,329,332,332,331,332
06 Jan 2021 14:25,328,329,330,329,332,332,331
06 Jan 2021 14:30,326,328,329,330,329,332,332
06 Jan 2021 14:35,326,326,328,329,330,329,332
06 Jan 2021 14:40,330,326,326,328,329,330,329
06 Jan 2021 14:45,331,330,326,326,328,329,330
06 Jan 2021 14:50,326,331,330,326,326,328,329
06 Jan 2021 14:55,329,326,331,330,326,326,328
06 Jan 2021 14:59,326,329,326,331,330,326,,
06 Jan 2021 15:05,327,326,329,326,331,330,326
06 Jan 2021 15:10,328,327,326,329,326,331,330
06 Jan 2021 15:15,328,328,327,326,329,326,331
06 Jan 2021 15:20,327,328,328,327,326,329,326
06 Jan 2021 15:25,328,327,328,328,327,326,329
06 Jan 2021 15:30,327,328,327,328,328,327,326
06 Jan 2021 15:35,328,327,328,327,328,328,327
06 Jan 2021 15:40,327,328,327,328,327,328,328
06 Jan 2021 15:45,329,327,328,327,328,327,328
06 Jan 2021 15:50,328,329,327,328,327,328,327
06 Jan 2021 15:55,328,328,329,327,328,327,328
06 Jan 2021 16:00,328,328,328,329,327,328,327
06 Jan 2021 16:05,326,328,328,328,329,327,328
06 Jan 2021 16:10,328,326,328,328,328,329,327
06 Jan 2021 16:15,329,328,326,328,328,328,329
06 Jan 2021 16:20,330,329,328,326,328,328,328
06 Jan 2021 16:25,329,330,329,328,326,328,328
06 Jan 2021 16:30,330,329,330,329,328,326,328
06 Jan 2021 16:35,331,330,329,330,329,328,326
06 Jan 2021 16:40,329,331,330,329,330,329,328
06 Jan 2021 16:45,333,329,331,330,329,330,329
06 Jan 2021 16:50,335,333,329,331,330,329,330
06 Jan 2021 16:55,333,335,333,329,331,330,329
06 Jan 2021 17:00,330,333,335,333,329,331,330
06 Jan 2021 17:04,333,330,333,335,333,329,,
06 Jan 2021 17:10,332,333,330,333,335,333,329
06 Jan 2021 17:15,334,332,333,330,333,335,333
06 Jan 2021 17:20,334,334,332,333,330,333,335
06 Jan 2021 17:25,338,334,334,332,333,330,333
06 Jan 2021 17:30,338,338,334,334,332,333,330
06 Jan 2021 17:35,336,338,338,334,334,332,333
06 Jan 2021 17:40,337,336,338,338,334,334,332
06 Jan 2021 17:45,340,337,336,338,338,334,334
06 Jan 2021 17:50,339,340,337,336,338,338,334
06 Jan 2021 17:55,338,339,340,337,336,338,338
06 Jan 2021 18:00,334,338,339,340,337,336,338
06 Jan 2021 18:05,330,334,338,339,340,337,336
06 Jan 2021 18:10,328,330,334,338,339,340,337
06 Jan 2021 18:15,329,328,330,334,338,339,340
06 Jan 2021 18:20,331,329,328,330,334,338,339
06 Jan 2021 18:25,330,331,329,328,330,334,338
06 Jan 2021 18:30,327,330,331,329,328,330,334
06 Jan 2021 18:35,329,327,330,331,329,328,330
06 Jan 2021 18:40,327,329,327,330,331,329,328
06 Jan 2021 18:45,330,327,329,327,330,331,329
06 Jan 2021 18:50,328,330,327,329,327,330,331
06 Jan 2021 18:55,327,328,330,327,329,327,330
06 Jan 2021 19:00,321,327,328,330,327,329,327
06 Jan 2021 19:04,320,321,327,328,330,327,,
06 Jan 2021 19:10,322,320,321,327,328,330,327
06 Jan 2021 19:15,320,322,320,321,327,328,330
06 Jan 2021 19:20,318,320,322,320,321,327,328
06 Jan 2021 19:25,316,318,320,322,320,321,327
06 Jan 2021 19:30,313,316,318,320,322,320,321
06 Jan 2021 19:35,312,313,316,318,320,322,320
06 Jan 2021 19:40,311,312,313,316,318,320,322
06 Jan 2021 19:45,309,311,312,313,316,318,320
06 Jan 2021 19:50,308,309,311,312,313,316,318
06 Jan 2021 19:55,306,308,309,311,312,313,316
06 Jan 2021 20:00,304,306,308,309,311,312,313
06 Jan 2021 20:05,304,304,306,308,309,311,312
06 Jan 2021 20:10,305,304,304,306,308,309,311
06 Jan 2021 20:15,304,305,304,304,306,308,309
06 Jan 2021 20:20,305,304,305,304,304,306,308
06 Jan 2021 20:25,308,305,304,305,304,304,306
06 Jan 2021 20:30,305,308,305,304,305,304,304
06 Jan 2021 20:35,308,305,308,305,304,305,304
06 Jan 2021 20:40,305,308,305,308,305,304,305
06 Jan 2021 20:45,309,305,308,305,308,305,304
06 Jan 2021 20:49,309,309,305,308,305,308,,
06 Jan 2021 20:55,307,309,309,305,308,305,308
06 Jan 2021 21:00,306,307,309,309,305,308,305
06 Jan 2021 21:04,306,306,307,309,309,305,,
06 Jan 2021 21:10,307,306,306,307,309,309,305
06 Jan 2021 21:15,307,307,306,306,307,309,309
06 Jan 2021 21:20,306,307,307,306,306,307,309
06 Jan 2021 21:25,304,306,307,307,306,306,307
06 Jan 2021 21:30,303,304,306,307,307,306,306
06 Jan 2021 21:35,300,303,304,306,307,307,306
06 Jan 2021 21:40,300,300,303,304,306,307,307
06 Jan 2021 21:45,299,300,300,303,304,306,307
06 Jan 2021 21:50,296,299,300,300,303,304,306
06 Jan 2021 21:55,291,296,299,300,300,303,304
06 Jan 2021 22:00,291,291,296,299,300,300,303
06 Jan 2021 22:05,287,291,291,296,299,300,300
06 Jan 2021 22:10,283,287,291,291,296,299,300
06 Jan 2021 22:15,282,283,287,291,291,296,299
06 Jan 2021 22:20,284,282,283,287,291,291,296
06 Jan 2021 22:25,275,284,282,283,287,291,291
06 Jan 2021 22:30,272,275,284,282,283,287,291
06 Jan 2021 22:35,267,272,275,284,282,283,287
06 Jan 2021 22:40,266,267,272,275,284,282,283
06 Jan 2021 22:45,264,266,267,272,275,284,282
06 Jan 2021 22:49,260,264,266,267,272,275,,
06 Jan 2021 22:55,256,260,264,266,267,272,275
06 Jan 2021 23:00,254,256,260,264,266,267,272
06 Jan 2021 23:04,257,254,256,260,264,266,,
06 Jan 2021 23:10,255,257,254,256,260,264,266
06 Jan 2021 23:15,251,255,257,254,256,260,264
06 Jan 2021 23:20,250,251,255,257,254,256,260
06 Jan 2021 23:25,244,250,251,255,257,254,256
06 Jan 2021 23:30,242,244,250,251,255,257,254
06 Jan 2021 23:35,237,242,244,250,251,255,257
06 Jan 2021 23:40,238,237,242,244,250,251,255
06 Jan 2021 23:45,231,238,237,242,244,250,251
06 Jan 2021 23:50,229,231,238,237,242,244,250
06 Jan 2021 23:55,229,229,231,238,237,242,244
07 Jan 2021 00:00,225,229,229,231,238,237,242
07 Jan 2021 00:04,222,225,229,229,231,238,,
07 Jan 2021 00:10,220,222,225,229,229,231,238
07 Jan 2021 00:15,217,220,222,225,229,229,231
07 Jan 2021 00:20,214,217,220,222,225,229,229
07 Jan 2021 00:25,211,214,217,220,222,225,229
07 Jan 2021 00:30,211,211,214,217,220,222,225
07 Jan 2021 00:35,208,211,211,214,217,220,222
07 Jan 2021 00:40,207,208,211,211,214,217,220
07 Jan 2021 00:45,203,207,208,211,211,214,217
07 Jan 2021 00:49,204,203,207,208,211,211,,
07 Jan 2021 00:55,201,204,203,207,208,211,211
07 Jan 2021 01:00,201,201,204,203,207,208,211
07 Jan 2021 01:05,201,201,201,204,203,207,208
07 Jan 2021 01:09,199,201,201,201,204,203,,
07 Jan 2021 01:15,200,199,201,201,201,204,203
07 Jan 2021 01:20,198,200,199,201,201,201,204
07 Jan 2021 01:25,197,198,200,199,201,201,201
07 Jan 2021 01:30,195,197,198,200,199,201,201
07 Jan 2021 01:35,196,195,197,198,200,199,201
07 Jan 2021 01:40,195,196,195,197,198,200,199
07 Jan 2021 01:45,195,195,196,195,197,198,200
07 Jan 2021 01:50,192,195,195,196,195,197,198
07 Jan 2021 01:55,192,192,195,195,196,195,197
07 Jan 2021 02:00,192,192,192,195,195,196,195
07 Jan 2021 02:04,191,192,192,192,195,195,,
07 Jan 2021 02:10,191,191,192,192,192,195,195
07 Jan 2021 02:15,191,191,191,192,192,192,195
07 Jan 2021 02:20,189,191,191,191,192,192,192
07 Jan 2021 02:25,189,189,191,191,191,192,192
07 Jan 2021 02:30,189,189,189,191,191,191,192
07 Jan 2021 02:35,188,189,189,189,191,191,191
07 Jan 2021 02:40,188,188,189,189,189,191,191
07 Jan 2021 02:45,188,188,188,189,189,189,191
07 Jan 2021 02:50,188,188,188,188,189,189,189
07 Jan 2021 02:55,188,188,188,188,188,189,189
07 Jan 2021 03:00,187,188,188,188,188,188,189
07 Jan 2021 03:05,189,187,188,188,188,188,188
07 Jan 2021 03:09,186,189,187,188,188,188,,
07 Jan 2021 03:15,186,186,189,187,188,188,188
07 Jan 2021 03:20,185,186,186,189,187,188,188
07 Jan 2021 03:25,184,185,186,186,189,187,188
07 Jan 2021 03:30,185,184,185,186,186,189,187
07 Jan 2021 03:35,184,185,184,185,186,186,189
07 Jan 2021 03:40,184,184,185,184,185,186,186
07 Jan 2021 03:45,182,184,184,185,184,185,186
07 Jan 2021 03:50,182,182,184,184,185,184,185
07 Jan 2021 03:55,181,182,182,184,184,185,184
07 Jan 2021 04:00,183,181,182,182,184,184,185
07 Jan 2021 04:05,183,183,181,182,182,184,184
07 Jan 2021 04:10,182,183,183,181,182,182,184
07 Jan 2021 04:15,183,182,183,183,181,182,182
07 Jan 2021 04:20,185,183,182,183,183,181,182
07 Jan 2021 04:25,185,185,183,182,183,183,181
07 Jan 2021 04:30,184,185,185,183,182,183,183
07 Jan 2021 04:35,185,184,185,185,183,182,183
07 Jan 2021 04:40,189,185,184,185,185,183,182
07 Jan 2021 04:45,186,189,185,184,185,185,183
07 Jan 2021 04:50,188,186,189,185,184,185,185
07 Jan 2021 04:55,187,188,186,189,185,184,185
07 Jan 2021 05:00,188,187,188,186,189,185,184
07 Jan 2021 05:05,193,188,187,188,186,189,185
07 Jan 2021 05:09,195,193,188,187,188,186,,
07 Jan 2021 05:15,195,195,193,188,187,188,186
07 Jan 2021 05:20,198,195,195,193,188,187,188
07 Jan 2021 05:24,n/a,198,195,195,193,188,,
07 Jan 2021 05:30,198,n/a,198,195,195,193,188
07 Jan 2021 05:34,200,198,n/a,198,195,195,,
07 Jan 2021 05:40,203,200,198,n/a,198,195,195
07 Jan 2021 05:45,204,203,200,198,n/a,198,195
07 Jan 2021 05:50,207,204,203,200,198,n/a,198
07 Jan 2021 05:54,208,207,204,203,200,198,,
07 Jan 2021 06:00,211,208,207,204,203,200,198
07 Jan 2021 06:05,215,211,208,207,204,203,200
07 Jan 2021 06:10,221,215,211,208,207,204,203
07 Jan 2021 06:15,224,221,215,211,208,207,204
07 Jan 2021 06:20,230,224,221,215,211,208,207
07 Jan 2021 06:25,232,230,224,221,215,211,208
07 Jan 2021 06:30,230,232,230,224,221,215,211
07 Jan 2021 06:35,234,230,232,230,224,221,215
07 Jan 2021 06:40,240,234,230,232,230,224,221
07 Jan 2021 06:45,242,240,234,230,232,230,224
07 Jan 2021 06:50,245,242,240,234,230,232,230
07 Jan 2021 06:55,246,245,242,240,234,230,232
07 Jan 2021 07:00,251,246,245,242,240,234,230
07 Jan 2021 07:05,257,251,246,245,242,240,234
07 Jan 2021 07:09,264,257,251,246,245,242,,
07 Jan 2021 07:15,268,264,257,251,246,245,242
07 Jan 2021 07:20,273,268,264,257,251,246,245
07 Jan 2021 07:25,274,273,268,264,257,251,246
07 Jan 2021 07:30,278,274,273,268,264,257,251
07 Jan 2021 07:35,288,278,274,273,268,264,257
07 Jan 2021 07:40,284,288,278,274,273,268,264
07 Jan 2021 07:45,290,284,288,278,274,273,268
07 Jan 2021 07:50,293,290,284,288,278,274,273
07 Jan 2021 07:55,296,293,290,284,288,278,274
07 Jan 2021 08:00,298,296,293,290,284,288,278
07 Jan 2021 08:05,304,298,296,293,290,284,288
07 Jan 2021 08:10,306,304,298,296,293,290,284
07 Jan 2021 08:15,310,306,304,298,296,293,290
07 Jan 2021 08:19,314,310,306,304,298,296,,
07 Jan 2021 08:25,316,314,310,306,304,298,296
07 Jan 2021 08:30,317,316,314,310,306,304,298
07 Jan 2021 08:35,322,317,316,314,310,306,304
07 Jan 2021 08:40,324,322,317,316,314,310,306
07 Jan 2021 08:45,324,324,322,317,316,314,310
07 Jan 2021 08:50,326,324,324,322,317,316,314
07 Jan 2021 08:55,328,326,324,324,322,317,316
07 Jan 2021 09:00,328,328,326,324,324,322,317
07 Jan 2021 09:05,330,328,328,326,324,324,322
07 Jan 2021 09:09,334,330,328,328,326,324,,
07 Jan 2021 09:15,335,334,330,328,328,326,324
07 Jan 2021 09:20,339,335,334,330,328,328,326
07 Jan 2021 09:25,333,339,335,334,330,328,328
07 Jan 2021 09:30,337,333,339,335,334,330,328
07 Jan 2021 09:35,336,337,333,339,335,334,330
07 Jan 2021 09:40,341,336,337,333,339,335,334
07 Jan 2021 09:45,344,341,336,337,333,339,335
07 Jan 2021 09:50,342,344,341,336,337,333,339
07 Jan 2021 09:55,341,342,344,341,336,337,333
07 Jan 2021 10:00,341,341,342,344,341,336,337
07 Jan 2021 10:05,346,341,341,342,344,341,336
07 Jan 2021 10:10,342,346,341,341,342,344,341
07 Jan 2021 10:15,347,342,346,341,341,342,344
07 Jan 2021 10:20,340,347,342,346,341,341,342
07 Jan 2021 10:25,342,340,347,342,346,341,341
07 Jan 2021 10:30,342,342,340,347,342,346,341
07 Jan 2021 10:35,341,342,342,340,347,342,346
07 Jan 2021 10:40,341,341,342,342,340,347,342
07 Jan 2021 10:45,342,341,341,342,342,340,347
07 Jan 2021 10:50,342,342,341,341,342,342,340
07 Jan 2021 10:55,343,342,342,341,341,342,342
07 Jan 2021 11:00,343,343,342,342,341,341,342
07 Jan 2021 11:05,343,343,343,342,342,341,341
07 Jan 2021 11:09,345,343,343,343,342,342,,
07 Jan 2021 11:15,342,345,343,343,343,342,342
07 Jan 2021 11:20,344,342,345,343,343,343,342
07 Jan 2021 11:25,345,344,342,345,343,343,343
07 Jan 2021 11:30,344,345,344,342,345,343,343
07 Jan 2021 11:35,341,344,345,344,342,345,343
07 Jan 2021 11:40,344,341,344,345,344,342,345
07 Jan 2021 11:45,345,344,341,344,345,344,342
07 Jan 2021 11:50,345,345,344,341,344,345,344
07 Jan 2021 11:55,343,345,345,344,341,344,345
07 Jan 2021 12:00,343,343,345,345,344,341,344
07 Jan 2021 12:05,342,343,343,345,345,344,341
07 Jan 2021 12:10,344,342,343,343,345,345,344
07 Jan 2021 12:15,345,344,342,343,343,345,345
07 Jan 2021 12:20,343,345,344,342,343,343,345
07 Jan 2021 12:25,342,343,345,344,342,343,343
07 Jan 2021 12:30,338,342,343,345,344,342,343
07 Jan 2021 12:35,340,338,342,343,345,344,342
07 Jan 2021 12:40,343,340,338,342,343,345,344
07 Jan 2021 12:45,342,343,340,338,342,343,345
07 Jan 2021 12:50,341,342,343,340,338,342,343
07 Jan 2021 12:55,339,341,342,343,340,338,342
07 Jan 2021 13:00,337,339,341,342,343,340,338
07 Jan 2021 13:04,344,337,339,341,342,343,,
07 Jan 2021 13:10,341,344,337,339,341,342,343
07 Jan 2021 13:15,346,341,344,337,339,341,342
07 Jan 2021 13:20,340,346,341,344,337,339,341
07 Jan 2021 13:25,336,340,346,341,344,337,339
07 Jan 2021 13:30,336,336,340,346,341,344,337
07 Jan 2021 13:35,339,336,336,340,346,341,344
07 Jan 2021 13:40,336,339,336,336,340,346,341
07 Jan 2021 13:45,334,336,339,336,336,340,346
07 Jan 2021 13:50,332,334,336,339,336,336,340
07 Jan 2021 13:55,332,332,334,336,339,336,336
07 Jan 2021 14:00,329,332,332,334,336,339,336
07 Jan 2021 14:05,332,329,332,332,334,336,339
07 Jan 2021 14:10,328,332,329,332,332,334,336
07 Jan 2021 14:15,331,328,332,329,332,332,334
07 Jan 2021 14:20,330,331,328,332,329,332,332
07 Jan 2021 14:25,330,330,331,328,332,329,332
07 Jan 2021 14:30,328,330,330,331,328,332,329
07 Jan 2021 14:35,332,328,330,330,331,328,332
07 Jan 2021 14:40,329,332,328,330,330,331,328
07 Jan 2021 14:45,326,329,332,328,330,330,331
07 Jan 2021 14:50,327,326,329,332,328,330,330
07 Jan 2021 14:55,325,327,326,329,332,328,330
07 Jan 2021 14:59,326,325,327,326,329,332,,
07 Jan 2021 15:05,327,326,325,327,326,329,332
07 Jan 2021 15:10,328,327,326,325,327,326,329
07 Jan 2021 15:15,330,328,327,326,325,327,326
07 Jan 2021 15:20,324,330,328,327,326,325,327
07 Jan 2021 15:25,327,324,330,328,327,326,325
07 Jan 2021 15:30,325,327,324,330,328,327,326
07 Jan 2021 15:35,328,325,327,324,330,328,327
07 Jan 2021 15:40,326,328,325,327,324,330,328
07 Jan 2021 15:45,326,326,328,325,327,324,330
07 Jan 2021 15:50,325,326,326,328,325,327,324
07 Jan 2021 15:55,327,325,326,326,328,325,327
07 Jan 2021 16:00,323,327,325,326,326,328,325
07 Jan 2021 16:05,323,323,327,325,326,326,328
07 Jan 2021 16:10,324,323,323,327,325,326,326
07 Jan 2021 16:15,326,324,323,323,327,325,326
07 Jan 2021 16:20,325,326,324,323,323,327,325
07 Jan 2021 16:25,326,325,326,324,323,323,327
07 Jan 2021 16:30,323,326,325,326,324,323,323
07 Jan 2021 16:35,325,323,326,325,326,324,323
07 Jan 2021 16:39,327,325,323,326,325,326,,
07 Jan 2021 16:45,327,327,325,323,326,325,326
07 Jan 2021 16:50,328,327,327,325,323,326,325
07 Jan 2021 16:54,329,328,327,327,325,323,,
07 Jan 2021 17:00,332,329,328,327,327,325,323
07 Jan 2021 17:05,335,332,329,328,327,327,325
07 Jan 2021 17:10,332,335,332,329,328,327,327
07 Jan 2021 17:15,336,332,335,332,329,328,327
07 Jan 2021 17:20,339,336,332,335,332,329,328
07 Jan 2021 17:25,340,339,336,332,335,332,329
07 Jan 2021 17:30,342,340,339,336,332,335,332
07 Jan 2021 17:35,339,342,340,339,336,332,335
07 Jan 2021 17:40,341,339,342,340,339,336,332
07 Jan 2021 17:45,343,341,339,342,340,339,336
07 Jan 2021 17:50,347,343,341,339,342,340,339
07 Jan 2021 17:55,345,347,343,341,339,342,340
07 Jan 2021 18:00,343,345,347,343,341,339,342
07 Jan 2021 18:05,338,343,345,347,343,341,339
07 Jan 2021 18:10,333,338,343,345,347,343,341
07 Jan 2021 18:15,334,333,338,343,345,347,343
07 Jan 2021 18:20,337,334,333,338,343,345,347
07 Jan 2021 18:25,336,337,334,333,338,343,345
07 Jan 2021 18:30,336,336,337,334,333,338,343
07 Jan 2021 18:35,334,336,336,337,334,333,338
07 Jan 2021 18:40,339,334,336,336,337,334,333
07 Jan 2021 18:45,340,339,334,336,336,337,334
07 Jan 2021 18:50,335,340,339,334,336,336,337
07 Jan 2021 18:54,332,335,340,339,334,336,,
07 Jan 2021 19:00,330,332,335,340,339,334,336
07 Jan 2021 19:05,328,330,332,335,340,339,334
07 Jan 2021 19:10,327,328,330,332,335,340,339
07 Jan 2021 19:15,327,327,328,330,332,335,340
07 Jan 2021 19:20,321,327,327,328,330,332,335
07 Jan 2021 19:25,324,321,327,327,328,330,332
07 Jan 2021 19:30,320,324,321,327,327,328,330
07 Jan 2021 19:35,318,320,324,321,327,327,328
07 Jan 2021 19:40,317,318,320,324,321,327,327
07 Jan 2021 19:45,320,317,318,320,324,321,327
07 Jan 2021 19:50,318,320,317,318,320,324,321
07 Jan 2021 19:55,316,318,320,317,318,320,324
07 Jan 2021 20:00,314,316,318,320,317,318,320
07 Jan 2021 20:05,313,314,316,318,320,317,318
07 Jan 2021 20:10,310,313,314,316,318,320,317
07 Jan 2021 20:15,314,310,313,314,316,318,320
07 Jan 2021 20:20,312,314,310,313,314,316,318
07 Jan 2021 20:25,310,312,314,310,313,314,316
07 Jan 2021 20:29,308,310,312,314,310,313,,
07 Jan 2021 20:35,309,308,310,312,314,310,313
07 Jan 2021 20:40,308,309,308,310,312,314,310
07 Jan 2021 20:44,307,308,309,308,310,312,,
07 Jan 2021 20:50,305,307,308,309,308,310,312
07 Jan 2021 20:55,305,305,307,308,309,308,310
07 Jan 2021 21:00,307,305,305,307,308,309,308
07 Jan 2021 21:05,304,307,305,305,307,308,309
07 Jan 2021 21:10,301,304,307,305,305,307,308
07 Jan 2021 21:15,302,301,304,307,305,305,307
